Workbook

Sheet Dashboard
B16: ERROR DISTRIBUTION
B18: Issue | F18: Error Count
B19: Invalid Birth Year | F19: =Summary!B9 -> 2
B22: Invalid Marital Status | F22: =Summary!B11 -> 4
B25: Invalid Income | F25: =Summary!B12 -> 24

Sheet Summary
A1: Customer Data Quality Audit Summary
A2: Dataset Overview
A3: Metric | B3: Value
A4: Total Records | B4: =COUNTA(Data_Audit!A:A)-1 -> 2240
A6: Data Quality Issues
A7: Metric | B7: Value | C7: Error %
A8: Duplicate IDs | B8: =COUNTIF(Data_Audit!AD:AD,"Duplicate") -> 0 | C8: =$B8/$B$4 -> 0
A9: Invalid Birth Year | B9: =COUNTIF(Data_Audit!AE:AE,"Invalid") -> 2 | C9: =$B9/$B$4 -> 0.00089285714
A10: Invalid Education Category | B10: =COUNTIF(Data_Audit!AF:AF,"Invalid") -> 0 | C10: =$B10/$B$4 -> 0
A11: Invalid Marital Status | B11: =COUNTIF(Data_Audit!AG:AG,"Invalid") -> 4 | C11: =$B11/$B$4 -> 0.0017857143
A12: Invalid Income | B12: =COUNTIF(Data_Audit!AH:AH,"Invalid") -> 24 | C12: =$B12/$B$4 -> 0.010714286
A13: Invalid Kidhome | B13: =COUNTIF(Data_Audit!AI:AI,"Invalid") -> 0 | C13: =$B13/$B$4 -> 0
A14: Invalid Teenhome | B14: =COUNTIF(Data_Audit!AJ:AJ,"Invalid") -> 0 | C14: =$B14/$B$4 -> 0
A15: Invalid Customer Date | B15: =COUNTIF(Data_Audit!AK:AK,"Invalid") -> 0 | C15: =$B15/$B$4 -> 0
A16: Invalid Recency | B16: =COUNTIF(Data_Audit!AL:AL,"Invalid") -> 0 | C16: =$B16/$B$4 -> 0
A17: Invalid Product Spending | B17: =COUNTIF(Data_Audit!AM:AM,"Invalid") -> 0 | C17: =$B17/$B$4 -> 0
A18: Invalid Purchase Counts | B18: =COUNTIF(Data_Audit!AN:AN,"Invalid") -> 0 | C18: =$B18/$B$4 -> 0
A19: Invalid Campaign Values | B19: =COUNTIF(Data_Audit!AO:AO,"Invalid") -> 0 | C19: =$B19/$B$4 -> 0
A20: Invalid Complaint Values | B20: =COUNTIF(Data_Audit!AP:AP,"Invalid") -> 0 | C20: =$B20/$B$4 -> 0
A21: Invalid Z_CostContact | B21: =COUNTIF(Data_Audit!AQ:AQ,"Invalid") -> 0 | C21: =$B21/$B$4 -> 0
A22: Invalid Z_Revenue | B22: =COUNTIF(Data_Audit!AR:AR,"Invalid") -> 0 | C22: =$B22/$B$4 -> 0
A23: Invalid Response | B23: =COUNTIF(Data_Audit!AS:AS,"Invalid") -> 0 | C23: =$B23/$B$4 -> 0
A25: Data Quality KPIs
A26: Metric | B26: Value
A27: Total Errors | B27: =SUM(B8:B23) -> 30
A28: Data Quality Score | B28: =1-(B27/B4) -> 0.98660714

Sheet Data_Audit
A1: ID | B1: Year_Birth | C1: Education | D1: Marital_Status | E1: Income | F1: Kidhome | G1: Teenhome | H1: Dt_Customer | I1: Recency | J1: MntWines | K1: MntFruits | L1: MntMeatProducts | M1: MntFishProducts | N1: MntSweetProducts | O1: MntGoldProds | P1: NumDealsPurchases | Q1: NumWebPurchases | R1: NumCatalogPurchases | S1: NumStorePurchases | T1: NumWebVisitsMonth | U1: AcceptedCmp3 | V1: AcceptedCmp4 | W1: AcceptedCmp5 | X1: AcceptedCmp1 | Y1: AcceptedCmp2 | Z1: Complain | AA1: Z_CostContact | AB1: Z_Revenue | AC1: Response | AD1: Duplicate_ID_Check | AE1: Birth_Year_Check | AF1: Education_Category_Check | AG1: Marital_Status_Check | AH1: Income_Validity_Check | AI1: Kidhome_Range_Check | AJ1: Teenhome_Range_Check | AK1: Customer_Date_Validity_Check | AL1: Recency_Range_Check | AM1: Product_Spending_Check | AN1: Purchase_Count_Validity_Check | AO1: Campaign_Check | AP1: Complaint_Binary_Check | AQ1: Z_CostContact_Constant_Check | AR1: Z_Revenue_Constant_Check | AS1: Response_Binary_Check
A2: 5524 | B2: 1957 | C2: Graduation | D2: Single | E2: 58138 | F2: 0 | G2: 0 | H2: 41156 | I2: 58 | J2: 635 | K2: 88 | L2: 546 | M2: 172 | N2: 88 | O2: 88 | P2: 3 | Q2: 8 | R2: 10 | S2: 4 | T2: 7 | U2: 0 | V2: 0 | W2: 0 | X2: 0 | Y2: 0 | Z2: 0 | AA2: 3 | AB2: 11 | AC2: 1 | AD2: =IF(COUNTIF(A:A,A2)>1,"Duplicate","Ok") -> Ok | AE2: =IF(AND(Audit_Data[[#This Row],[Year_Birth]]>=1900,Audit_Data[[#This Row],[Year_Birth]]<=2010),"OK","Invalid") -> OK | AF2: =IF(OR(C2="Graduation",C2="phD",C2="Master",C2="Basic",C2="2n Cycle"),"Valid","Invalid") -> Valid | AG2: =IF(OR(D2="Single",D2="Married",D2="Divorced",D2="Together",D2="Widow",D2="Alone"),"Valid","Invalid") -> Valid | AH2: =IF(AND(ISNUMBER(E2),E2<>""),"Valid","Invalid") -> Valid | AI2: =IF(AND(F2>=0,F2<=2),"Valid","Invalid") -> Valid | AJ2: =IF(AND(G2>=0,G2<=2),"Valid","Invalid") -> Valid | AK2: =IF(AND(ISNUMBER(H2),H2>=DATE(2012,1,1),H2<=DATE(2014,12,31)),"Valid ","Invalid") -> Valid | AL2: =IF(AND(Audit_Data[[#This Row],[Recency]]>=0,Audit_Data[[#This Row],[Recency]]<=100),"Valid","Invalid") -> Valid | AM2: =IF(AND(ISNUMBER(J2),J2>=0,ISNUMBER(K2),K2>=0,ISNUMBER(L2),L2>=0,ISNUMBER(M2),M2>=0,ISNUMBER(N2),N2>=0,ISNUMBER(O2),O2>=0),"Valid","Invalid") -> Valid | AN2: =IF(AND(ISNUMBER(P2),P2>=0,ISNUMBER(Q2),Q2>=0,ISNUMBER(R2),R2>=0,ISNUMBER(S2),S2>=0,ISNUMBER(T2),T2>=0),"Valid","Invalid") -> Valid | AO2: =IF(AND(U2<=1,V2<=1,W2<=1,X2<=1,Y2<=1),"Valid","Invalid") -> Valid | AP2: =IF(OR(Z2=0,Z2=1),"Valid","Invalid") -> Valid | AQ2: =IF(Audit_Data[[#This Row],[Z_CostContact]]=3,"Valid","Invalid") -> Valid | AR2: =IF(AB2=11,"Valid","Invalid") -> Valid | AS2: =IF(OR(AC2=0,AC2=1),"Valid","Invalid") -> Valid
A3: 2174 | B3: 1954 | C3: Graduation | D3: Single | E3: 46344 | F3: 1 | G3: 1 | H3: 41706 | I3: 38 | J3: 11 | K3: 1 | L3: 6 | M3: 2 | N3: 1 | O3: 6 | P3: 2 | Q3: 1 | R3: 1 | S3: 2 | T3: 5 | U3: 0 | V3: 0 | W3: 0 | X3: 0 | Y3: 0 | Z3: 0 | AA3: 3 | AB3: 11 | AC3: 0 | AD3: =IF(COUNTIF(A:A,A3)>1,"Duplicate","Ok") -> Ok | AE3: =IF(AND(Audit_Data[[#This Row],[Year_Birth]]>=1900,Audit_Data[[#This Row],[Year_Birth]]<=2010),"OK","Invalid") -> OK | AF3: =IF(OR(C3="Graduation",C3="phD",C3="Master",C3="Basic",C3="2n Cycle"),"Valid","Invalid") -> Valid | AG3: =IF(OR(D3="Single",D3="Married",D3="Divorced",D3="Together",D3="Widow",D3="Alone"),"Valid","Invalid") -> Valid | AH3: =IF(AND(ISNUMBER(E3),E3<>""),"Valid","Invalid") -> Valid | AI3: =IF(AND(F3>=0,F3<=2),"Valid","Invalid") -> Valid | AJ3: =IF(AND(G3>=0,G3<=2),"Valid","Invalid") -> Valid | AK3: =IF(AND(ISNUMBER(H3),H3>=DATE(2012,1,1),H3<=DATE(2014,12,31)),"Valid ","Invalid") -> Valid | AL3: =IF(AND(Audit_Data[[#This Row],[Recency]]>=0,Audit_Data[[#This Row],[Recency]]<=100),"Valid","Invalid") -> Valid | AM3: =IF(AND(ISNUMBER(J3),J3>=0,ISNUMBER(K3),K3>=0,ISNUMBER(L3),L3>=0,ISNUMBER(M3),M3>=0,ISNUMBER(N3),N3>=0,ISNUMBER(O3),O3>=0),"Valid","Invalid") -> Valid | AN3: =IF(AND(ISNUMBER(P3),P3>=0,ISNUMBER(Q3),Q3>=0,ISNUMBER(R3),R3>=0,ISNUMBER(S3),S3>=0,ISNUMBER(T3),T3>=0),"Valid","Invalid") -> Valid | AO3: =IF(AND(U3<=1,V3<=1,W3<=1,X3<=1,Y3<=1),"Valid","Invalid") -> Valid | AP3: =IF(OR(Z3=0,Z3=1),"Valid","Invalid") -> Valid | AQ3: =IF(Audit_Data[[#This Row],[Z_CostContact]]=3,"Valid","Invalid") -> Valid | AR3: =IF(AB3=11,"Valid","Invalid") -> Valid | AS3: =IF(OR(AC3=0,AC3=1),"Valid","Invalid") -> Valid
A4: 4141 | B4: 1965 | C4: Graduation | D4: Together | E4: 71613 | F4: 0 | G4: 0 | H4: 41507 | I4: 26 | J4: 426 | K4: 49 | L4: 127 | M4: 111 | N4: 21 | O4: 42 | P4: 1 | Q4: 8 | R4: 2 | S4: 10 | T4: 4 | U4: 0 | V4: 0 | W4: 0 | X4: 0 | Y4: 0 | Z4: 0 | AA4: 3 | AB4: 11 | AC4: 0 | AD4: =IF(COUNTIF(A:A,A4)>1,"Duplicate","Ok") -> Ok | AE4: =IF(AND(Audit_Data[[#This Row],[Year_Birth]]>=1900,Audit_Data[[#This Row],[Year_Birth]]<=2010),"OK","Invalid") -> OK | AF4: =IF(OR(C4="Graduation",C4="phD",C4="Master",C4="Basic",C4="2n Cycle"),"Valid","Invalid") -> Valid | AG4: =IF(OR(D4="Single",D4="Married",D4="Divorced",D4="Together",D4="Widow",D4="Alone"),"Valid","Invalid") -> Valid | AH4: =IF(AND(ISNUMBER(E4),E4<>""),"Valid","Invalid") -> Valid | AI4: =IF(AND(F4>=0,F4<=2),"Valid","Invalid") -> Valid | AJ4: =IF(AND(G4>=0,G4<=2),"Valid","Invalid") -> Valid | AK4: =IF(AND(ISNUMBER(H4),H4>=DATE(2012,1,1),H4<=DATE(2014,12,31)),"Valid ","Invalid") -> Valid | AL4: =IF(AND(Audit_Data[[#This Row],[Recency]]>=0,Audit_Data[[#This Row],[Recency]]<=100),"Valid","Invalid") -> Valid | AM4: =IF(AND(ISNUMBER(J4),J4>=0,ISNUMBER(K4),K4>=0,ISNUMBER(L4),L4>=0,ISNUMBER(M4),M4>=0,ISNUMBER(N4),N4>=0,ISNUMBER(O4),O4>=0),"Valid","Invalid") -> Valid | AN4: =IF(AND(ISNUMBER(P4),P4>=0,ISNUMBER(Q4),Q4>=0,ISNUMBER(R4),R4>=0,ISNUMBER(S4),S4>=0,ISNUMBER(T4),T4>=0),"Valid","Invalid") -> Valid | AO4: =IF(AND(U4<=1,V4<=1,W4<=1,X4<=1,Y4<=1),"Valid","Invalid") -> Valid | AP4: =IF(OR(Z4=0,Z4=1),"Valid","Invalid") -> Valid | AQ4: =IF(Audit_Data[[#This Row],[Z_CostContact]]=3,"Valid","Invalid") -> Valid | AR4: =IF(AB4=11,"Valid","Invalid") -> Valid | AS4: =IF(OR(AC4=0,AC4=1),"Valid","Invalid") -> Valid
A5: 6182 | B5: 1984 | C5: Graduation | D5: Together | E5: 26646 | F5: 1 | G5: 0 | H5: 41680 | I5: 26 | J5: 11 | K5: 4 | L5: 20 | M5: 10 | N5: 3 | O5: 5 | P5: 2 | Q5: 2 | R5: 0 | S5: 4 | T5: 6 | U5: 0 | V5: 0 | W5: 0 | X5: 0 | Y5: 0 | Z5: 0 | AA5: 3 | AB5: 11 | AC5: 0 | AD5: =IF(COUNTIF(A:A,A5)>1,"Duplicate","Ok") -> Ok | AE5: =IF(AND(Audit_Data[[#This Row],[Year_Birth]]>=1900,Audit_Data[[#This Row],[Year_Birth]]<=2010),"OK","Invalid") -> OK | AF5: =IF(OR(C5="Graduation",C5="phD",C5="Master",C5="Basic",C5="2n Cycle"),"Valid","Invalid") -> Valid | AG5: =IF(OR(D5="Single",D5="Married",D5="Divorced",D5="Together",D5="Widow",D5="Alone"),"Valid","Invalid") -> Valid | AH5: =IF(AND(ISNUMBER(E5),E5<>""),"Valid","Invalid") -> Valid | AI5: =IF(AND(F5>=0,F5<=2),"Valid","Invalid") -> Valid | AJ5: =IF(AND(G5>=0,G5<=2),"Valid","Invalid") -> Valid | AK5: =IF(AND(ISNUMBER(H5),H5>=DATE(2012,1,1),H5<=DATE(2014,12,31)),"Valid ","Invalid") -> Valid | AL5: =IF(AND(Audit_Data[[#This Row],[Recency]]>=0,Audit_Data[[#This Row],[Recency]]<=100),"Valid","Invalid") -> Valid | AM5: =IF(AND(ISNUMBER(J5),J5>=0,ISNUMBER(K5),K5>=0,ISNUMBER(L5),L5>=0,ISNUMBER(M5),M5>=0,ISNUMBER(N5),N5>=0,ISNUMBER(O5),O5>=0),"Valid","Invalid") -> Valid | AN5: =IF(AND(ISNUMBER(P5),P5>=0,ISNUMBER(Q5),Q5>=0,ISNUMBER(R5),R5>=0,ISNUMBER(S5),S5>=0,ISNUMBER(T5),T5>=0),"Valid","Invalid") -> Valid | AO5: =IF(AND(U5<=1,V5<=1,W5<=1,X5<=1,Y5<=1),"Valid","Invalid") -> Valid | AP5: =IF(OR(Z5=0,Z5=1),"Valid","Invalid") -> Valid | AQ5: =IF(Audit_Data[[#This Row],[Z_CostContact]]=3,"Valid","Invalid") -> Valid | AR5: =IF(AB5=11,"Valid","Invalid") -> Valid | AS5: =IF(OR(AC5=0,AC5=1),"Valid","Invalid") -> Valid
A6: 5324 | B6: 1981 | C6: PhD | D6: Married | E6: 58293 | F6: 1 | G6: 0 | H6: 41658 | I6: 94 | J6: 173 | K6: 43 | L6: 118 | M6: 46 | N6: 27 | O6: 15 | P6: 5 | Q6: 5 | R6: 3 | S6: 6 | T6: 5 | U6: 0 | V6: 0 | W6: 0 | X6: 0 | Y6: 0 | Z6: 0 | AA6: 3 | AB6: 11 | AC6: 0 | AD6: =IF(COUNTIF(A:A,A6)>1,"Duplicate","Ok") -> Ok | AE6: =IF(AND(Audit_Data[[#This Row],[Year_Birth]]>=1900,Audit_Data[[#This Row],[Year_Birth]]<=2010),"OK","Invalid") -> OK | AF6: =IF(OR(C6="Graduation",C6="phD",C6="Master",C6="Basic",C6="2n Cycle"),"Valid","Invalid") -> Valid | AG6: =IF(OR(D6="Single",D6="Married",D6="Divorced",D6="Together",D6="Widow",D6="Alone"),"Valid","Invalid") -> Valid | AH6: =IF(AND(ISNUMBER(E6),E6<>""),"Valid","Invalid") -> Valid | AI6: =IF(AND(F6>=0,F6<=2),"Valid","Invalid") -> Valid | AJ6: =IF(AND(G6>=0,G6<=2),"Valid","Invalid") -> Valid | AK6: =IF(AND(ISNUMBER(H6),H6>=DATE(2012,1,1),H6<=DATE(2014,12,31)),"Valid ","Invalid") -> Valid | AL6: =IF(AND(Audit_Data[[#This Row],[Recency]]>=0,Audit_Data[[#This Row],[Recency]]<=100),"Valid","Invalid") -> Valid | AM6: =IF(AND(ISNUMBER(J6),J6>=0,ISNUMBER(K6),K6>=0,ISNUMBER(L6),L6>=0,ISNUMBER(M6),M6>=0,ISNUMBER(N6),N6>=0,ISNUMBER(O6),O6>=0),"Valid","Invalid") -> Valid | AN6: =IF(AND(ISNUMBER(P6),P6>=0,ISNUMBER(Q6),Q6>=0,ISNUMBER(R6),R6>=0,ISNUMBER(S6),S6>=0,ISNUMBER(T6),T6>=0),"Valid","Invalid") -> Valid | AO6: =IF(AND(U6<=1,V6<=1,W6<=1,X6<=1,Y6<=1),"Valid","Invalid") -> Valid | AP6: =IF(OR(Z6=0,Z6=1),"Valid","Invalid") -> Valid | AQ6: =IF(Audit_Data[[#This Row],[Z_CostContact]]=3,"Valid","Invalid") -> Valid | AR6: =IF(AB6=11,"Valid","Invalid") -> Valid | AS6: =IF(OR(AC6=0,AC6=1),"Valid","Invalid") -> Valid
A7: 7446 | B7: 1967 | C7: Master | D7: Together | E7: 62513 | F7: 0 | G7: 1 | H7: 41526 | I7: 16 | J7: 520 | K7: 42 | L7: 98 | M7: 0 | N7: 42 | O7: 14 | P7: 2 | Q7: 6 | R7: 4 | S7: 10 | T7: 6 | U7: 0 | V7: 0 | W7: 0 | X7: 0 | Y7: 0 | Z7: 0 | AA7: 3 | AB7: 11 | AC7: 0 | AD7: =IF(COUNTIF(A:A,A7)>1,"Duplicate","Ok") -> Ok | AE7: =IF(AND(Audit_Data[[#This Row],[Year_Birth]]>=1900,Audit_Data[[#This Row],[Year_Birth]]<=2010),"OK","Invalid") -> OK | AF7: =IF(OR(C7="Graduation",C7="phD",C7="Master",C7="Basic",C7="2n Cycle"),"Valid","Invalid") -> Valid | AG7: =IF(OR(D7="Single",D7="Married",D7="Divorced",D7="Together",D7="Widow",D7="Alone"),"Valid","Invalid") -> Valid | AH7: =IF(AND(ISNUMBER(E7),E7<>""),"Valid","Invalid") -> Valid | AI7: =IF(AND(F7>=0,F7<=2),"Valid","Invalid") -> Valid | AJ7: =IF(AND(G7>=0,G7<=2),"Valid","Invalid") -> Valid | AK7: =IF(AND(ISNUMBER(H7),H7>=DATE(2012,1,1),H7<=DATE(2014,12,31)),"Valid ","Invalid") -> Valid | AL7: =IF(AND(Audit_Data[[#This Row],[Recency]]>=0,Audit_Data[[#This Row],[Recency]]<=100),"Valid","Invalid") -> Valid | AM7: =IF(AND(ISNUMBER(J7),J7>=0,ISNUMBER(K7),K7>=0,ISNUMBER(L7),L7>=0,ISNUMBER(M7),M7>=0,ISNUMBER(N7),N7>=0,ISNUMBER(O7),O7>=0),"Valid","Invalid") -> Valid | AN7: =IF(AND(ISNUMBER(P7),P7>=0,ISNUMBER(Q7),Q7>=0,ISNUMBER(R7),R7>=0,ISNUMBER(S7),S7>=0,ISNUMBER(T7),T7>=0),"Valid","Invalid") -> Valid | AO7: =IF(AND(U7<=1,V7<=1,W7<=1,X7<=1,Y7<=1),"Valid","Invalid") -> Valid | AP7: =IF(OR(Z7=0,Z7=1),"Valid","Invalid") -> Valid | AQ7: =IF(Audit_Data[[#This Row],[Z_CostContact]]=3,"Valid","Invalid") -> Valid | AR7: =IF(AB7=11,"Valid","Invalid") -> Valid | AS7: =IF(OR(AC7=0,AC7=1),"Valid","Invalid") -> Valid
A8: 965 | B8: 1971 | C8: Graduation | D8: Divorced | E8: 55635 | F8: 0 | G8: 1 | H8: 41226 | I8: 34 | J8: 235 | K8: 65 | L8: 164 | M8: 50 | N8: 49 | O8: 27 | P8: 4 | Q8: 7 | R8: 3 | S8: 7 | T8: 6 | U8: 0 | V8: 0 | W8: 0 | X8: 0 | Y8: 0 | Z8: 0 | AA8: 3 | AB8: 11 | AC8: 0 | AD8: =IF(COUNTIF(A:A,A8)>1,"Duplicate","Ok") -> Ok | AE8: =IF(AND(Audit_Data[[#This Row],[Year_Birth]]>=1900,Audit_Data[[#This Row],[Year_Birth]]<=2010),"OK","Invalid") -> OK | AF8: =IF(OR(C8="Graduation",C8="phD",C8="Master",C8="Basic",C8="2n Cycle"),"Valid","Invalid") -> Valid | AG8: =IF(OR(D8="Single",D8="Married",D8="Divorced",D8="Together",D8="Widow",D8="Alone"),"Valid","Invalid") -> Valid | AH8: =IF(AND(ISNUMBER(E8),E8<>""),"Valid","Invalid") -> Valid | AI8: =IF(AND(F8>=0,F8<=2),"Valid","Invalid") -> Valid | AJ8: =IF(AND(G8>=0,G8<=2),"Valid","Invalid") -> Valid | AK8: =IF(AND(ISNUMBER(H8),H8>=DATE(2012,1,1),H8<=DATE(2014,12,31)),"Valid ","Invalid") -> Valid | AL8: =IF(AND(Audit_Data[[#This Row],[Recency]]>=0,Audit_Data[[#This Row],[Recency]]<=100),"Valid","Invalid") -> Valid | AM8: =IF(AND(ISNUMBER(J8),J8>=0,ISNUMBER(K8),K8>=0,ISNUMBER(L8),L8>=0,ISNUMBER(M8),M8>=0,ISNUMBER(N8),N8>=0,ISNUMBER(O8),O8>=0),"Valid","Invalid") -> Valid | AN8: =IF(AND(ISNUMBER(P8),P8>=0,ISNUMBER(Q8),Q8>=0,ISNUMBER(R8),R8>=0,ISNUMBER(S8),S8>=0,ISNUMBER(T8),T8>=0),"Valid","Invalid") -> Valid | AO8: =IF(AND(U8<=1,V8<=1,W8<=1,X8<=1,Y8<=1),"Valid","Invalid") -> Valid | AP8: =IF(OR(Z8=0,Z8=1),"Valid","Invalid") -> Valid | AQ8: =IF(Audit_Data[[#This Row],[Z_CostContact]]=3,"Valid","Invalid") -> Valid | AR8: =IF(AB8=11,"Valid","Invalid") -> Valid | AS8: =IF(OR(AC8=0,AC8=1),"Valid","Invalid") -> Valid
A9: 6177 | B9: 1985 | C9: PhD | D9: Married | E9: 33454 | F9: 1 | G9: 0 | H9: 41402 | I9: 32 | J9: 76 | K9: 10 | L9: 56 | M9: 3 | N9: 1 | O9: 23 | P9: 2 | Q9: 4 | R9: 0 | S9: 4 | T9: 8 | U9: 0 | V9: 0 | W9: 0 | X9: 0 | Y9: 0 | Z9: 0 | AA9: 3 | AB9: 11 | AC9: 0 | AD9: =IF(COUNTIF(A:A,A9)>1,"Duplicate","Ok") -> Ok | AE9: =IF(AND(Audit_Data[[#This Row],[Year_Birth]]>=1900,Audit_Data[[#This Row],[Year_Birth]]<=2010),"OK","Invalid") -> OK | AF9: =IF(OR(C9="Graduation",C9="phD",C9="Master",C9="Basic",C9="2n Cycle"),"Valid","Invalid") -> Valid | AG9: =IF(OR(D9="Single",D9="Married",D9="Divorced",D9="Together",D9="Widow",D9="Alone"),"Valid","Invalid") -> Valid | AH9: =IF(AND(ISNUMBER(E9),E9<>""),"Valid","Invalid") -> Valid | AI9: =IF(AND(F9>=0,F9<=2),"Valid","Invalid") -> Valid | AJ9: =IF(AND(G9>=0,G9<=2),"Valid","Invalid") -> Valid | AK9: =IF(AND(ISNUMBER(H9),H9>=DATE(2012,1,1),H9<=DATE(2014,12,31)),"Valid ","Invalid") -> Valid | AL9: =IF(AND(Audit_Data[[#This Row],[Recency]]>=0,Audit_Data[[#This Row],[Recency]]<=100),"Valid","Invalid") -> Valid | AM9: =IF(AND(ISNUMBER(J9),J9>=0,ISNUMBER(K9),K9>=0,ISNUMBER(L9),L9>=0,ISNUMBER(M9),M9>=0,ISNUMBER(N9),N9>=0,ISNUMBER(O9),O9>=0),"Valid","Invalid") -> Valid | AN9: =IF(AND(ISNUMBER(P9),P9>=0,ISNUMBER(Q9),Q9>=0,ISNUMBER(R9),R9>=0,ISNUMBER(S9),S9>=0,ISNUMBER(T9),T9>=0),"Valid","Invalid") -> Valid | AO9: =IF(AND(U9<=1,V9<=1,W9<=1,X9<=1,Y9<=1),"Valid","Invalid") -> Valid | AP9: =IF(OR(Z9=0,Z9=1),"Valid","Invalid") -> Valid | AQ9: =IF(Audit_Data[[#This Row],[Z_CostContact]]=3,"Valid","Invalid") -> Valid | AR9: =IF(AB9=11,"Valid","Invalid") -> Valid | AS9: =IF(OR(AC9=0,AC9=1),"Valid","Invalid") -> Valid
A10: 4855 | B10: 1974 | C10: PhD | D10: Together | E10: 30351 | F10: 1 | G10: 0 | H10: 41431 | I10: 19 | J10: 14 | K10: 0 | L10: 24 | M10: 3 | N10: 3 | O10: 2 | P10: 1 | Q10: 3 | R10: 0 | S10: 2 | T10: 9 | U10: 0 | V10: 0 | W10: 0 | X10: 0 | Y10: 0 | Z10: 0 | AA10: 3 | AB10: 11 | AC10: 1 | AD10: =IF(COUNTIF(A:A,A10)>1,"Duplicate","Ok") -> Ok | AE10: =IF(AND(Audit_Data[[#This Row],[Year_Birth]]>=1900,Audit_Data[[#This Row],[Year_Birth]]<=2010),"OK","Invalid") -> OK | AF10: =IF(OR(C10="Graduation",C10="phD",C10="Master",C10="Basic",C10="2n Cycle"),"Valid","Invalid") -> Valid | AG10: =IF(OR(D10="Single",D10="Married",D10="Divorced",D10="Together",D10="Widow",D10="Alone"),"Valid","Invalid") -> Valid | AH10: =IF(AND(ISNUMBER(E10),E10<>""),"Valid","Invalid") -> Valid | AI10: =IF(AND(F10>=0,F10<=2),"Valid","Invalid") -> Valid | AJ10: =IF(AND(G10>=0,G10<=2),"Valid","Invalid") -> Valid | AK10: =IF(AND(ISNUMBER(H10),H10>=DATE(2012,1,1),H10<=DATE(2014,12,31)),"Valid ","Invalid") -> Valid | AL10: =IF(AND(Audit_Data[[#This Row],[Recency]]>=0,Audit_Data[[#This Row],[Recency]]<=100),"Valid","Invalid") -> Valid | AM10: =IF(AND(ISNUMBER(J10),J10>=0,ISNUMBER(K10),K10>=0,ISNUMBER(L10),L10>=0,ISNUMBER(M10),M10>=0,ISNUMBER(N10),N10>=0,ISNUMBER(O10),O10>=0),"Valid","Invalid") -> Valid | AN10: =IF(AND(ISNUMBER(P10),P10>=0,ISNUMBER(Q10),Q10>=0,ISNUMBER(R10),R10>=0,ISNUMBER(S10),S10>=0,ISNUMBER(T10),T10>=0),"Valid","Invalid") -> Valid | AO10: =IF(AND(U10<=1,V10<=1,W10<=1,X10<=1,Y10<=1),"Valid","Invalid") -> Valid | AP10: =IF(OR(Z10=0,Z10=1),"Valid","Invalid") -> Valid | AQ10: =IF(Audit_Data[[#This Row],[Z_CostContact]]=3,"Valid","Invalid") -> Valid | AR10: =IF(AB10=11,"Valid","Invalid") -> Valid | AS10: =IF(OR(AC10=0,AC10=1),"Valid","Invalid") -> Valid
A11: 5899 | B11: 1950 | C11: PhD | D11: Together | E11: 5648 | F11: 1 | G11: 1 | H11: 41711 | I11: 68 | J11: 28 | K11: 0 | L11: 6 | M11: 1 | N11: 1 | O11: 13 | P11: 1 | Q11: 1 | R11: 0 | S11: 0 | T11: 20 | U11: 1 | V11: 0 | W11: 0 | X11: 0 | Y11: 0 | Z11: 0 | AA11: 3 | AB11: 11 | AC11: 0 | AD11: =IF(COUNTIF(A:A,A11)>1,"Duplicate","Ok") -> Ok | AE11: =IF(AND(Audit_Data[[#This Row],[Year_Birth]]>=1900,Audit_Data[[#This Row],[Year_Birth]]<=2010),"OK","Invalid") -> OK | AF11: =IF(OR(C11="Graduation",C11="phD",C11="Master",C11="Basic",C11="2n Cycle"),"Valid","Invalid") -> Valid | AG11: =IF(OR(D11="Single",D11="Married",D11="Divorced",D11="Together",D11="Widow",D11="Alone"),"Valid","Invalid") -> Valid | AH11: =IF(AND(ISNUMBER(E11),E11<>""),"Valid","Invalid") -> Valid | AI11: =IF(AND(F11>=0,F11<=2),"Valid","Invalid") -> Valid | AJ11: =IF(AND(G11>=0,G11<=2),"Valid","Invalid") -> Valid | AK11: =IF(AND(ISNUMBER(H11),H11>=DATE(2012,1,1),H11<=DATE(2014,12,31)),"Valid ","Invalid") -> Valid | AL11: =IF(AND(Audit_Data[[#This Row],[Recency]]>=0,Audit_Data[[#This Row],[Recency]]<=100),"Valid","Invalid") -> Valid | AM11: =IF(AND(ISNUMBER(J11),J11>=0,ISNUMBER(K11),K11>=0,ISNUMBER(L11),L11>=0,ISNUMBER(M11),M11>=0,ISNUMBER(N11),N11>=0,ISNUMBER(O11),O11>=0),"Valid","Invalid") -> Valid | AN11: =IF(AND(ISNUMBER(P11),P11>=0,ISNUMBER(Q11),Q11>=0,ISNUMBER(R11),R11>=0,ISNUMBER(S11),S11>=0,ISNUMBER(T11),T11>=0),"Valid","Invalid") -> Valid | AO11: =IF(AND(U11<=1,V11<=1,W11<=1,X11<=1,Y11<=1),"Valid","Invalid") -> Valid | AP11: =IF(OR(Z11=0,Z11=1),"Valid","Invalid") -> Valid | AQ11: =IF(Audit_Data[[#This Row],[Z_CostContact]]=3,"Valid","Invalid") -> Valid | AR11: =IF(AB11=11,"Valid","Invalid") -> Valid | AS11: =IF(OR(AC11=0,AC11=1),"Valid","Invalid") -> Valid
A12: 1994 | B12: 1983 | C12: Graduation | D12: Married | F12: 1 | G12: 0 | H12: 41593 | I12: 11 | J12: 5 | K12: 5 | L12: 6 | M12: 0 | N12: 2 | O12: 1 | P12: 1 | Q12: 1 | R12: 0 | S12: 2 | T12: 7 | U12: 0 | V12: 0 | W12: 0 | X12: 0 | Y12: 0 | Z12: 0 | AA12: 3 | AB12: 11 | AC12: 0 | AD12: =IF(COUNTIF(A:A,A12)>1,"Duplicate","Ok") -> Ok | AE12: =IF(AND(Audit_Data[[#This Row],[Year_Birth]]>=1900,Audit_Data[[#This Row],[Year_Birth]]<=2010),"OK","Invalid") -> OK | AF12: =IF(OR(C12="Graduation",C12="phD",C12="Master",C12="Basic",C12="2n Cycle"),"Valid","Invalid") -> Valid | AG12: =IF(OR(D12="Single",D12="Married",D12="Divorced",D12="Together",D12="Widow",D12="Alone"),"Valid","Invalid") -> Valid | AH12: =IF(AND(ISNUMBER(E12),E12<>""),"Valid","Invalid") -> Invalid | AI12: =IF(AND(F12>=0,F12<=2),"Valid","Invalid") -> Valid | AJ12: =IF(AND(G12>=0,G12<=2),"Valid","Invalid") -> Valid | AK12: =IF(AND(ISNUMBER(H12),H12>=DATE(2012,1,1),H12<=DATE(2014,12,31)),"Valid ","Invalid") -> Valid | AL12: =IF(AND(Audit_Data[[#This Row],[Recency]]>=0,Audit_Data[[#This Row],[Recency]]<=100),"Valid","Invalid") -> Valid | AM12: =IF(AND(ISNUMBER(J12),J12>=0,ISNUMBER(K12),K12>=0,ISNUMBER(L12),L12>=0,ISNUMBER(M12),M12>=0,ISNUMBER(N12),N12>=0,ISNUMBER(O12),O12>=0),"Valid","Invalid") -> Valid | AN12: =IF(AND(ISNUMBER(P12),P12>=0,ISNUMBER(Q12),Q12>=0,ISNUMBER(R12),R12>=0,ISNUMBER(S12),S12>=0,ISNUMBER(T12),T12>=0),"Valid","Invalid") -> Valid | AO12: =IF(AND(U12<=1,V12<=1,W12<=1,X12<=1,Y12<=1),"Valid","Invalid") -> Valid | AP12: =IF(OR(Z12=0,Z12=1),"Valid","Invalid") -> Valid | AQ12: =IF(Audit_Data[[#This Row],[Z_CostContact]]=3,"Valid","Invalid") -> Valid | AR12: =IF(AB12=11,"Valid","Invalid") -> Valid | AS12: =IF(OR(AC12=0,AC12=1),"Valid","Invalid") -> Valid
A13: 387 | B13: 1976 | C13: Basic | D13: Married | E13: 7500 | F13: 0 | G13: 0 | H13: 41226 | I13: 59 | J13: 6 | K13: 16 | L13: 11 | M13: 11 | N13: 1 | O13: 16 | P13: 1 | Q13: 2 | R13: 0 | S13: 3 | T13: 8 | U13: 0 | V13: 0 | W13: 0 | X13: 0 | Y13: 0 | Z13: 0 | AA13: 3 | AB13: 11 | AC13: 0 | AD13: =IF(COUNTIF(A:A,A13)>1,"Duplicate","Ok") -> Ok | AE13: =IF(AND(Audit_Data[[#This Row],[Year_Birth]]>=1900,Audit_Data[[#This Row],[Year_Birth]]<=2010),"OK","Invalid") -> OK | AF13: =IF(OR(C13="Graduation",C13="phD",C13="Master",C13="Basic",C13="2n Cycle"),"Valid","Invalid") -> Valid | AG13: =IF(OR(D13="Single",D13="Married",D13="Divorced",D13="Together",D13="Widow",D13="Alone"),"Valid","Invalid") -> Valid | AH13: =IF(AND(ISNUMBER(E13),E13<>""),"Valid","Invalid") -> Valid | AI13: =IF(AND(F13>=0,F13<=2),"Valid","Invalid") -> Valid | AJ13: =IF(AND(G13>=0,G13<=2),"Valid","Invalid") -> Valid | AK13: =IF(AND(ISNUMBER(H13),H13>=DATE(2012,1,1),H13<=DATE(2014,12,31)),"Valid ","Invalid") -> Valid | AL13: =IF(AND(Audit_Data[[#This Row],[Recency]]>=0,Audit_Data[[#This Row],[Recency]]<=100),"Valid","Invalid") -> Valid | AM13: =IF(AND(ISNUMBER(J13),J13>=0,ISNUMBER(K13),K13>=0,ISNUMBER(L13),L13>=0,ISNUMBER(M13),M13>=0,ISNUMBER(N13),N13>=0,ISNUMBER(O13),O13>=0),"Valid","Invalid") -> Valid | AN13: =IF(AND(ISNUMBER(P13),P13>=0,ISNUMBER(Q13),Q13>=0,ISNUMBER(R13),R13>=0,ISNUMBER(S13),S13>=0,ISNUMBER(T13),T13>=0),"Valid","Invalid") -> Valid | AO13: =IF(AND(U13<=1,V13<=1,W13<=1,X13<=1,Y13<=1),"Valid","Invalid") -> Valid | AP13: =IF(OR(Z13=0,Z13=1),"Valid","Invalid") -> Valid | AQ13: =IF(Audit_Data[[#This Row],[Z_CostContact]]=3,"Valid","Invalid") -> Valid | AR13: =IF(AB13=11,"Valid","Invalid") -> Valid | AS13: =IF(OR(AC13=0,AC13=1),"Valid","Invalid") -> Valid
A14: 2125 | B14: 1959 | C14: Graduation | D14: Divorced | E14: 63033 | F14: 0 | G14: 0 | H14: 41593 | I14: 82 | J14: 194 | K14: 61 | L14: 480 | M14: 225 | N14: 112 | O14: 30 | P14: 1 | Q14: 3 | R14: 4 | S14: 8 | T14: 2 | U14: 0 | V14: 0 | W14: 0 | X14: 0 | Y14: 0 | Z14: 0 | AA14: 3 | AB14: 11 | AC14: 0 | AD14: =IF(COUNTIF(A:A,A14)>1,"Duplicate","Ok") -> Ok | AE14: =IF(AND(Audit_Data[[#This Row],[Year_Birth]]>=1900,Audit_Data[[#This Row],[Year_Birth]]<=2010),"OK","Invalid") -> OK | AF14: =IF(OR(C14="Graduation",C14="phD",C14="Master",C14="Basic",C14="2n Cycle"),"Valid","Invalid") -> Valid | AG14: =IF(OR(D14="Single",D14="Married",D14="Divorced",D14="Together",D14="Widow",D14="Alone"),"Valid","Invalid") -> Valid | AH14: =IF(AND(ISNUMBER(E14),E14<>""),"Valid","Invalid") -> Valid | AI14: =IF(AND(F14>=0,F14<=2),"Valid","Invalid") -> Valid | AJ14: =IF(AND(G14>=0,G14<=2),"Valid","Invalid") -> Valid | AK14: =IF(AND(ISNUMBER(H14),H14>=DATE(2012,1,1),H14<=DATE(2014,12,31)),"Valid ","Invalid") -> Valid | AL14: =IF(AND(Audit_Data[[#This Row],[Recency]]>=0,Audit_Data[[#This Row],[Recency]]<=100),"Valid","Invalid") -> Valid | AM14: =IF(AND(ISNUMBER(J14),J14>=0,ISNUMBER(K14),K14>=0,ISNUMBER(L14),L14>=0,ISNUMBER(M14),M14>=0,ISNUMBER(N14),N14>=0,ISNUMBER(O14),O14>=0),"Valid","Invalid") -> Valid | AN14: =IF(AND(ISNUMBER(P14),P14>=0,ISNUMBER(Q14),Q14>=0,ISNUMBER(R14),R14>=0,ISNUMBER(S14),S14>=0,ISNUMBER(T14),T14>=0),"Valid","Invalid") -> Valid | AO14: =IF(AND(U14<=1,V14<=1,W14<=1,X14<=1,Y14<=1),"Valid","Invalid") -> Valid | AP14: =IF(OR(Z14=0,Z14=1),"Valid","Invalid") -> Valid | AQ14: =IF(Audit_Data[[#This Row],[Z_CostContact]]=3,"Valid","Invalid") -> Valid | AR14: =IF(AB14=11,"Valid","Invalid") -> Valid | AS14: =IF(OR(AC14=0,AC14=1),"Valid","Invalid") -> Valid
A15: 8180 | B15: 1952 | C15: Master | D15: Divorced | E15: 59354 | F15: 1 | G15: 1 | H15: 41593 | I15: 53 | J15: 233 | K15: 2 | L15: 53 | M15: 3 | N15: 5 | O15: 14 | P15: 3 | Q15: 6 | R15: 1 | S15: 5 | T15: 6 | U15: 0 | V15: 0 | W15: 0 | X15: 0 | Y15: 0 | Z15: 0 | AA15: 3 | AB15: 11 | AC15: 0 | AD15: =IF(COUNTIF(A:A,A15)>1,"Duplicate","Ok") -> Ok | AE15: =IF(AND(Audit_Data[[#This Row],[Year_Birth]]>=1900,Audit_Data[[#This Row],[Year_Birth]]<=2010),"OK","Invalid") -> OK | AF15: =IF(OR(C15="Graduation",C15="phD",C15="Master",C15="Basic",C15="2n Cycle"),"Valid","Invalid") -> Valid | AG15: =IF(OR(D15="Single",D15="Married",D15="Divorced",D15="Together",D15="Widow",D15="Alone"),"Valid","Invalid") -> Valid | AH15: =IF(AND(ISNUMBER(E15),E15<>""),"Valid","Invalid") -> Valid | AI15: =IF(AND(F15>=0,F15<=2),"Valid","Invalid") -> Valid | AJ15: =IF(AND(G15>=0,G15<=2),"Valid","Invalid") -> Valid | AK15: =IF(AND(ISNUMBER(H15),H15>=DATE(2012,1,1),H15<=DATE(2014,12,31)),"Valid ","Invalid") -> Valid | AL15: =IF(AND(Audit_Data[[#This Row],[Recency]]>=0,Audit_Data[[#This Row],[Recency]]<=100),"Valid","Invalid") -> Valid | AM15: =IF(AND(ISNUMBER(J15),J15>=0,ISNUMBER(K15),K15>=0,ISNUMBER(L15),L15>=0,ISNUMBER(M15),M15>=0,ISNUMBER(N15),N15>=0,ISNUMBER(O15),O15>=0),"Valid","Invalid") -> Valid | AN15: =IF(AND(ISNUMBER(P15),P15>=0,ISNUMBER(Q15),Q15>=0,ISNUMBER(R15),R15>=0,ISNUMBER(S15),S15>=0,ISNUMBER(T15),T15>=0),"Valid","Invalid") -> Valid | AO15: =IF(AND(U15<=1,V15<=1,W15<=1,X15<=1,Y15<=1),"Valid","Invalid") -> Valid | AP15: =IF(OR(Z15=0,Z15=1),"Valid","Invalid") -> Valid | AQ15: =IF(Audit_Data[[#This Row],[Z_CostContact]]=3,"Valid","Invalid") -> Valid | AR15: =IF(AB15=11,"Valid","Invalid") -> Valid | AS15: =IF(OR(AC15=0,AC15=1),"Valid","Invalid") -> Valid
A16: 2569 | B16: 1987 | C16: Graduation | D16: Married | E16: 17323 | F16: 0 | G16: 0 | H16: 41192 | I16: 38 | J16: 3 | K16: 14 | L16: 17 | M16: 6 | N16: 1 | O16: 5 | P16: 1 | Q16: 1 | R16: 0 | S16: 3 | T16: 8 | U16: 0 | V16: 0 | W16: 0 | X16: 0 | Y16: 0 | Z16: 0 | AA16: 3 | AB16: 11 | AC16: 0 | AD16: =IF(COUNTIF(A:A,A16)>1,"Duplicate","Ok") -> Ok | AE16: =IF(AND(Audit_Data[[#This Row],[Year_Birth]]>=1900,Audit_Data[[#This Row],[Year_Birth]]<=2010),"OK","Invalid") -> OK | AF16: =IF(OR(C16="Graduation",C16="phD",C16="Master",C16="Basic",C16="2n Cycle"),"Valid","Invalid") -> Valid | AG16: =IF(OR(D16="Single",D16="Married",D16="Divorced",D16="Together",D16="Widow",D16="Alone"),"Valid","Invalid") -> Valid | AH16: =IF(AND(ISNUMBER(E16),E16<>""),"Valid","Invalid") -> Valid | AI16: =IF(AND(F16>=0,F16<=2),"Valid","Invalid") -> Valid | AJ16: =IF(AND(G16>=0,G16<=2),"Valid","Invalid") -> Valid | AK16: =IF(AND(ISNUMBER(H16),H16>=DATE(2012,1,1),H16<=DATE(2014,12,31)),"Valid ","Invalid") -> Valid | AL16: =IF(AND(Audit_Data[[#This Row],[Recency]]>=0,Audit_Data[[#This Row],[Recency]]<=100),"Valid","Invalid") -> Valid | AM16: =IF(AND(ISNUMBER(J16),J16>=0,ISNUMBER(K16),K16>=0,ISNUMBER(L16),L16>=0,ISNUMBER(M16),M16>=0,ISNUMBER(N16),N16>=0,ISNUMBER(O16),O16>=0),"Valid","Invalid") -> Valid | AN16: =IF(AND(ISNUMBER(P16),P16>=0,ISNUMBER(Q16),Q16>=0,ISNUMBER(R16),R16>=0,ISNUMBER(S16),S16>=0,ISNUMBER(T16),T16>=0),"Valid","Invalid") -> Valid | AO16: =IF(AND(U16<=1,V16<=1,W16<=1,X16<=1,Y16<=1),"Valid","Invalid") -> Valid | AP16: =IF(OR(Z16=0,Z16=1),"Valid","Invalid") -> Valid | AQ16: =IF(Audit_Data[[#This Row],[Z_CostContact]]=3,"Valid","Invalid") -> Valid | AR16: =IF(AB16=11,"Valid","Invalid") -> Valid | AS16: =IF(OR(AC16=0,AC16=1),"Valid","Invalid") -> Valid
A17: 2114 | B17: 1946 | C17: PhD | D17: Single | E17: 82800 | F17: 0 | G17: 0 | H17: 41237 | I17: 23 | J17: 1006 | K17: 22 | L17: 115 | M17: 59 | N17: 68 | O17: 45 | P17: 1 | Q17: 7 | R17: 6 | S17: 12 | T17: 3 | U17: 0 | V17: 0 | W17: 1 | X17: 1 | Y17: 0 | Z17: 0 | AA17: 3 | AB17: 11 | AC17: 1 | AD17: =IF(COUNTIF(A:A,A17)>1,"Duplicate","Ok") -> Ok | AE17: =IF(AND(Audit_Data[[#This Row],[Year_Birth]]>=1900,Audit_Data[[#This Row],[Year_Birth]]<=2010),"OK","Invalid") -> OK | AF17: =IF(OR(C17="Graduation",C17="phD",C17="Master",C17="Basic",C17="2n Cycle"),"Valid","Invalid") -> Valid | AG17: =IF(OR(D17="Single",D17="Married",D17="Divorced",D17="Together",D17="Widow",D17="Alone"),"Valid","Invalid") -> Valid | AH17: =IF(AND(ISNUMBER(E17),E17<>""),"Valid","Invalid") -> Valid | AI17: =IF(AND(F17>=0,F17<=2),"Valid","Invalid") -> Valid | AJ17: =IF(AND(G17>=0,G17<=2),"Valid","Invalid") -> Valid | AK17: =IF(AND(ISNUMBER(H17),H17>=DATE(2012,1,1),H17<=DATE(2014,12,31)),"Valid ","Invalid") -> Valid | AL17: =IF(AND(Audit_Data[[#This Row],[Recency]]>=0,Audit_Data[[#This Row],[Recency]]<=100),"Valid","Invalid") -> Valid | AM17: =IF(AND(ISNUMBER(J17),J17>=0,ISNUMBER(K17),K17>=0,ISNUMBER(L17),L17>=0,ISNUMBER(M17),M17>=0,ISNUMBER(N17),N17>=0,ISNUMBER(O17),O17>=0),"Valid","Invalid") -> Valid | AN17: =IF(AND(ISNUMBER(P17),P17>=0,ISNUMBER(Q17),Q17>=0,ISNUMBER(R17),R17>=0,ISNUMBER(S17),S17>=0,ISNUMBER(T17),T17>=0),"Valid","Invalid") -> Valid | AO17: =IF(AND(U17<=1,V17<=1,W17<=1,X17<=1,Y17<=1),"Valid","Invalid") -> Valid | AP17: =IF(OR(Z17=0,Z17=1),"Valid","Invalid") -> Valid | AQ17: =IF(Audit_Data[[#This Row],[Z_CostContact]]=3,"Valid","Invalid") -> Valid | AR17: =IF(AB17=11,"Valid","Invalid") -> Valid | AS17: =IF(OR(AC17=0,AC17=1),"Valid","Invalid") -> Valid
A18: 9736 | B18: 1980 | C18: Graduation | D18: Married | E18: 41850 | F18: 1 | G18: 1 | H18: 41267 | I18: 51 | J18: 53 | K18: 5 | L18: 19 | M18: 2 | N18: 13 | O18: 4 | P18: 3 | Q18: 3 | R18: 0 | S18: 3 | T18: 8 | U18: 0 | V18: 0 | W18: 0 | X18: 0 | Y18: 0 | Z18: 0 | AA18: 3 | AB18: 11 | AC18: 0 | AD18: =IF(COUNTIF(A:A,A18)>1,"Duplicate","Ok") -> Ok | AE18: =IF(AND(Audit_Data[[#This Row],[Year_Birth]]>=1900,Audit_Data[[#This Row],[Year_Birth]]<=2010),"OK","Invalid") -> OK | AF18: =IF(OR(C18="Graduation",C18="phD",C18="Master",C18="Basic",C18="2n Cycle"),"Valid","Invalid") -> Valid | AG18: =IF(OR(D18="Single",D18="Married",D18="Divorced",D18="Together",D18="Widow",D18="Alone"),"Valid","Invalid") -> Valid | AH18: =IF(AND(ISNUMBER(E18),E18<>""),"Valid","Invalid") -> Valid | AI18: =IF(AND(F18>=0,F18<=2),"Valid","Invalid") -> Valid | AJ18: =IF(AND(G18>=0,G18<=2),"Valid","Invalid") -> Valid | AK18: =IF(AND(ISNUMBER(H18),H18>=DATE(2012,1,1),H18<=DATE(2014,12,31)),"Valid ","Invalid") -> Valid | AL18: =IF(AND(Audit_Data[[#This Row],[Recency]]>=0,Audit_Data[[#This Row],[Recency]]<=100),"Valid","Invalid") -> Valid | AM18: =IF(AND(ISNUMBER(J18),J18>=0,ISNUMBER(K18),K18>=0,ISNUMBER(L18),L18>=0,ISNUMBER(M18),M18>=0,ISNUMBER(N18),N18>=0,ISNUMBER(O18),O18>=0),"Valid","Invalid") -> Valid | AN18: =IF(AND(ISNUMBER(P18),P18>=0,ISNUMBER(Q18),Q18>=0,ISNUMBER(R18),R18>=0,ISNUMBER(S18),S18>=0,ISNUMBER(T18),T18>=0),"Valid","Invalid") -> Valid | AO18: =IF(AND(U18<=1,V18<=1,W18<=1,X18<=1,Y18<=1),"Valid","Invalid") -> Valid | AP18: =IF(OR(Z18=0,Z18=1),"Valid","Invalid") -> Valid | AQ18: =IF(Audit_Data[[#This Row],[Z_CostContact]]=3,"Valid","Invalid") -> Valid | AR18: =IF(AB18=11,"Valid","Invalid") -> Valid | AS18: =IF(OR(AC18=0,AC18=1),"Valid","Invalid") -> Valid
A19: 4939 | B19: 1946 | C19: Graduation | D19: Together | E19: 37760 | F19: 0 | G19: 0 | H19: 41152 | I19: 20 | J19: 84 | K19: 5 | L19: 38 | M19: 150 | N19: 12 | O19: 28 | P19: 2 | Q19: 4 | R19: 1 | S19: 6 | T19: 7 | U19: 0 | V19: 0 | W19: 0 | X19: 0 | Y19: 0 | Z19: 0 | AA19: 3 | AB19: 11 | AC19: 0 | AD19: =IF(COUNTIF(A:A,A19)>1,"Duplicate","Ok") -> Ok | AE19: =IF(AND(Audit_Data[[#This Row],[Year_Birth]]>=1900,Audit_Data[[#This Row],[Year_Birth]]<=2010),"OK","Invalid") -> OK | AF19: =IF(OR(C19="Graduation",C19="phD",C19="Master",C19="Basic",C19="2n Cycle"),"Valid","Invalid") -> Valid | AG19: =IF(OR(D19="Single",D19="Married",D19="Divorced",D19="Together",D19="Widow",D19="Alone"),"Valid","Invalid") -> Valid | AH19: =IF(AND(ISNUMBER(E19),E19<>""),"Valid","Invalid") -> Valid | AI19: =IF(AND(F19>=0,F19<=2),"Valid","Invalid") -> Valid | AJ19: =IF(AND(G19>=0,G19<=2),"Valid","Invalid") -> Valid | AK19: =IF(AND(ISNUMBER(H19),H19>=DATE(2012,1,1),H19<=DATE(2014,12,31)),"Valid ","Invalid") -> Valid | AL19: =IF(AND(Audit_Data[[#This Row],[Recency]]>=0,Audit_Data[[#This Row],[Recency]]<=100),"Valid","Invalid") -> Valid | AM19: =IF(AND(ISNUMBER(J19),J19>=0,ISNUMBER(K19),K19>=0,ISNUMBER(L19),L19>=0,ISNUMBER(M19),M19>=0,ISNUMBER(N19),N19>=0,ISNUMBER(O19),O19>=0),"Valid","Invalid") -> Valid | AN19: =IF(AND(ISNUMBER(P19),P19>=0,ISNUMBER(Q19),Q19>=0,ISNUMBER(R19),R19>=0,ISNUMBER(S19),S19>=0,ISNUMBER(T19),T19>=0),"Valid","Invalid") -> Valid | AO19: =IF(AND(U19<=1,V19<=1,W19<=1,X19<=1,Y19<=1),"Valid","Invalid") -> Valid | AP19: =IF(OR(Z19=0,Z19=1),"Valid","Invalid") -> Valid | AQ19: =IF(Audit_Data[[#This Row],[Z_CostContact]]=3,"Valid","Invalid") -> Valid | AR19: =IF(AB19=11,"Valid","Invalid") -> Valid | AS19: =IF(OR(AC19=0,AC19=1),"Valid","Invalid") -> Valid
A20: 6565 | B20: 1949 | C20: Master | D20: Married | E20: 76995 | F20: 0 | G20: 1 | H20: 41361 | I20: 91 | J20: 1012 | K20: 80 | L20: 498 | M20: 0 | N20: 16 | O20: 176 | P20: 2 | Q20: 11 | R20: 4 | S20: 9 | T20: 5 | U20: 0 | V20: 0 | W20: 0 | X20: 1 | Y20: 0 | Z20: 0 | AA20: 3 | AB20: 11 | AC20: 0 | AD20: =IF(COUNTIF(A:A,A20)>1,"Duplicate","Ok") -> Ok | AE20: =IF(AND(Audit_Data[[#This Row],[Year_Birth]]>=1900,Audit_Data[[#This Row],[Year_Birth]]<=2010),"OK","Invalid") -> OK | AF20: =IF(OR(C20="Graduation",C20="phD",C20="Master",C20="Basic",C20="2n Cycle"),"Valid","Invalid") -> Valid | AG20: =IF(OR(D20="Single",D20="Married",D20="Divorced",D20="Together",D20="Widow",D20="Alone"),"Valid","Invalid") -> Valid | AH20: =IF(AND(ISNUMBER(E20),E20<>""),"Valid","Invalid") -> Valid | AI20: =IF(AND(F20>=0,F20<=2),"Valid","Invalid") -> Valid | AJ20: =IF(AND(G20>=0,G20<=2),"Valid","Invalid") -> Valid | AK20: =IF(AND(ISNUMBER(H20),H20>=DATE(2012,1,1),H20<=DATE(2014,12,31)),"Valid ","Invalid") -> Valid | AL20: =IF(AND(Audit_Data[[#This Row],[Recency]]>=0,Audit_Data[[#This Row],[Recency]]<=100),"Valid","Invalid") -> Valid | AM20: =IF(AND(ISNUMBER(J20),J20>=0,ISNUMBER(K20),K20>=0,ISNUMBER(L20),L20>=0,ISNUMBER(M20),M20>=0,ISNUMBER(N20),N20>=0,ISNUMBER(O20),O20>=0),"Valid","Invalid") -> Valid | AN20: =IF(AND(ISNUMBER(P20),P20>=0,ISNUMBER(Q20),Q20>=0,ISNUMBER(R20),R20>=0,ISNUMBER(S20),S20>=0,ISNUMBER(T20),T20>=0),"Valid","Invalid") -> Valid | AO20: =IF(AND(U20<=1,V20<=1,W20<=1,X20<=1,Y20<=1),"Valid","Invalid") -> Valid | AP20: =IF(OR(Z20=0,Z20=1),"Valid","Invalid") -> Valid | AQ20: =IF(Audit_Data[[#This Row],[Z_CostContact]]=3,"Valid","Invalid") -> Valid | AR20: =IF(AB20=11,"Valid","Invalid") -> Valid | AS20: =IF(OR(AC20=0,AC20=1),"Valid","Invalid") -> Valid
A21: 2278 | B21: 1985 | C21: 2n Cycle | D21: Single | E21: 33812 | F21: 1 | G21: 0 | H21: 41216 | I21: 86 | J21: 4 | K21: 17 | L21: 19 | M21: 30 | N21: 24 | O21: 39 | P21: 2 | Q21: 2 | R21: 1 | S21: 3 | T21: 6 | U21: 0 | V21: 0 | W21: 0 | X21: 0 | Y21: 0 | Z21: 0 | AA21: 3 | AB21: 11 | AC21: 0 | AD21: =IF(COUNTIF(A:A,A21)>1,"Duplicate","Ok") -> Ok | AE21: =IF(AND(Audit_Data[[#This Row],[Year_Birth]]>=1900,Audit_Data[[#This Row],[Year_Birth]]<=2010),"OK","Invalid") -> OK | AF21: =IF(OR(C21="Graduation",C21="phD",C21="Master",C21="Basic",C21="2n Cycle"),"Valid","Invalid") -> Valid | AG21: =IF(OR(D21="Single",D21="Married",D21="Divorced",D21="Together",D21="Widow",D21="Alone"),"Valid","Invalid") -> Valid | AH21: =IF(AND(ISNUMBER(E21),E21<>""),"Valid","Invalid") -> Valid | AI21: =IF(AND(F21>=0,F21<=2),"Valid","Invalid") -> Valid | AJ21: =IF(AND(G21>=0,G21<=2),"Valid","Invalid") -> Valid | AK21: =IF(AND(ISNUMBER(H21),H21>=DATE(2012,1,1),H21<=DATE(2014,12,31)),"Valid ","Invalid") -> Valid | AL21: =IF(AND(Audit_Data[[#This Row],[Recency]]>=0,Audit_Data[[#This Row],[Recency]]<=100),"Valid","Invalid") -> Valid | AM21: =IF(AND(ISNUMBER(J21),J21>=0,ISNUMBER(K21),K21>=0,ISNUMBER(L21),L21>=0,ISNUMBER(M21),M21>=0,ISNUMBER(N21),N21>=0,ISNUMBER(O21),O21>=0),"Valid","Invalid") -> Valid | AN21: =IF(AND(ISNUMBER(P21),P21>=0,ISNUMBER(Q21),Q21>=0,ISNUMBER(R21),R21>=0,ISNUMBER(S21),S21>=0,ISNUMBER(T21),T21>=0),"Valid","Invalid") -> Valid | AO21: =IF(AND(U21<=1,V21<=1,W21<=1,X21<=1,Y21<=1),"Valid","Invalid") -> Valid | AP21: =IF(OR(Z21=0,Z21=1),"Valid","Invalid") -> Valid | AQ21: =IF(Audit_Data[[#This Row],[Z_CostContact]]=3,"Valid","Invalid") -> Valid | AR21: =IF(AB21=11,"Valid","Invalid") -> Valid | AS21: =IF(OR(AC21=0,AC21=1),"Valid","Invalid") -> Valid
A22: 9360 | B22: 1982 | C22: Graduation | D22: Married | E22: 37040 | F22: 0 | G22: 0 | H22: 41129 | I22: 41 | J22: 86 | K22: 2 | L22: 73 | M22: 69 | N22: 38 | O22: 48 | P22: 1 | Q22: 4 | R22: 2 | S22: 5 | T22: 8 | U22: 0 | V22: 0 | W22: 0 | X22: 0 | Y22: 0 | Z22: 0 | AA22: 3 | AB22: 11 | AC22: 0 | AD22: =IF(COUNTIF(A:A,A22)>1,"Duplicate","Ok") -> Ok | AE22: =IF(AND(Audit_Data[[#This Row],[Year_Birth]]>=1900,Audit_Data[[#This Row],[Year_Birth]]<=2010),"OK","Invalid") -> OK | AF22: =IF(OR(C22="Graduation",C22="phD",C22="Master",C22="Basic",C22="2n Cycle"),"Valid","Invalid") -> Valid | AG22: =IF(OR(D22="Single",D22="Married",D22="Divorced",D22="Together",D22="Widow",D22="Alone"),"Valid","Invalid") -> Valid | AH22: =IF(AND(ISNUMBER(E22),E22<>""),"Valid","Invalid") -> Valid | AI22: =IF(AND(F22>=0,F22<=2),"Valid","Invalid") -> Valid | AJ22: =IF(AND(G22>=0,G22<=2),"Valid","Invalid") -> Valid | AK22: =IF(AND(ISNUMBER(H22),H22>=DATE(2012,1,1),H22<=DATE(2014,12,31)),"Valid ","Invalid") -> Valid | AL22: =IF(AND(Audit_Data[[#This Row],[Recency]]>=0,Audit_Data[[#This Row],[Recency]]<=100),"Valid","Invalid") -> Valid | AM22: =IF(AND(ISNUMBER(J22),J22>=0,ISNUMBER(K22),K22>=0,ISNUMBER(L22),L22>=0,ISNUMBER(M22),M22>=0,ISNUMBER(N22),N22>=0,ISNUMBER(O22),O22>=0),"Valid","Invalid") -> Valid | AN22: =IF(AND(ISNUMBER(P22),P22>=0,ISNUMBER(Q22),Q22>=0,ISNUMBER(R22),R22>=0,ISNUMBER(S22),S22>=0,ISNUMBER(T22),T22>=0),"Valid","Invalid") -> Valid | AO22: =IF(AND(U22<=1,V22<=1,W22<=1,X22<=1,Y22<=1),"Valid","Invalid") -> Valid | AP22: =IF(OR(Z22=0,Z22=1),"Valid","Invalid") -> Valid | AQ22: =IF(Audit_Data[[#This Row],[Z_CostContact]]=3,"Valid","Invalid") -> Valid | AR22: =IF(AB22=11,"Valid","Invalid") -> Valid | AS22: =IF(OR(AC22=0,AC22=1),"Valid","Invalid") -> Valid
A23: 5376 | B23: 1979 | C23: Graduation | D23: Married | E23: 2447 | F23: 1 | G23: 0 | H23: 41280 | I23: 42 | J23: 1 | K23: 1 | L23: 1725 | M23: 1 | N23: 1 | O23: 1 | P23: 15 | Q23: 0 | R23: 28 | S23: 0 | T23: 1 | U23: 0 | V23: 0 | W23: 0 | X23: 0 | Y23: 0 | Z23: 0 | AA23: 3 | AB23: 11 | AC23: 0 | AD23: =IF(COUNTIF(A:A,A23)>1,"Duplicate","Ok") -> Ok | AE23: =IF(AND(Audit_Data[[#This Row],[Year_Birth]]>=1900,Audit_Data[[#This Row],[Year_Birth]]<=2010),"OK","Invalid") -> OK | AF23: =IF(OR(C23="Graduation",C23="phD",C23="Master",C23="Basic",C23="2n Cycle"),"Valid","Invalid") -> Valid | AG23: =IF(OR(D23="Single",D23="Married",D23="Divorced",D23="Together",D23="Widow",D23="Alone"),"Valid","Invalid") -> Valid | AH23: =IF(AND(ISNUMBER(E23),E23<>""),"Valid","Invalid") -> Valid | AI23: =IF(AND(F23>=0,F23<=2),"Valid","Invalid") -> Valid | AJ23: =IF(AND(G23>=0,G23<=2),"Valid","Invalid") -> Valid | AK23: =IF(AND(ISNUMBER(H23),H23>=DATE(2012,1,1),H23<=DATE(2014,12,31)),"Valid ","Invalid") -> Valid | AL23: =IF(AND(Audit_Data[[#This Row],[Recency]]>=0,Audit_Data[[#This Row],[Recency]]<=100),"Valid","Invalid") -> Valid | AM23: =IF(AND(ISNUMBER(J23),J23>=0,ISNUMBER(K23),K23>=0,ISNUMBER(L23),L23>=0,ISNUMBER(M23),M23>=0,ISNUMBER(N23),N23>=0,ISNUMBER(O23),O23>=0),"Valid","Invalid") -> Valid | AN23: =IF(AND(ISNUMBER(P23),P23>=0,ISNUMBER(Q23),Q23>=0,ISNUMBER(R23),R23>=0,ISNUMBER(S23),S23>=0,ISNUMBER(T23),T23>=0),"Valid","Invalid") -> Valid | AO23: =IF(AND(U23<=1,V23<=1,W23<=1,X23<=1,Y23<=1),"Valid","Invalid") -> Valid | AP23: =IF(OR(Z23=0,Z23=1),"Valid","Invalid") -> Valid | AQ23: =IF(Audit_Data[[#This Row],[Z_CostContact]]=3,"Valid","Invalid") -> Valid | AR23: =IF(AB23=11,"Valid","Invalid") -> Valid | AS23: =IF(OR(AC23=0,AC23=1),"Valid","Invalid") -> Valid
A24: 1993 | B24: 1949 | C24: PhD | D24: Married | E24: 58607 | F24: 0 | G24: 1 | H24: 41266 | I24: 63 | J24: 867 | K24: 0 | L24: 86 | M24: 0 | N24: 0 | O24: 19 | P24: 3 | Q24: 2 | R24: 3 | S24: 9 | T24: 8 | U24: 0 | V24: 1 | W24: 0 | X24: 0 | Y24: 0 | Z24: 0 | AA24: 3 | AB24: 11 | AC24: 0 | AD24: =IF(COUNTIF(A:A,A24)>1,"Duplicate","Ok") -> Ok | AE24: =IF(AND(Audit_Data[[#This Row],[Year_Birth]]>=1900,Audit_Data[[#This Row],[Year_Birth]]<=2010),"OK","Invalid") -> OK | AF24: =IF(OR(C24="Graduation",C24="phD",C24="Master",C24="Basic",C24="2n Cycle"),"Valid","Invalid") -> Valid | AG24: =IF(OR(D24="Single",D24="Married",D24="Divorced",D24="Together",D24="Widow",D24="Alone"),"Valid","Invalid") -> Valid | AH24: =IF(AND(ISNUMBER(E24),E24<>""),"Valid","Invalid") -> Valid | AI24: =IF(AND(F24>=0,F24<=2),"Valid","Invalid") -> Valid | AJ24: =IF(AND(G24>=0,G24<=2),"Valid","Invalid") -> Valid | AK24: =IF(AND(ISNUMBER(H24),H24>=DATE(2012,1,1),H24<=DATE(2014,12,31)),"Valid ","Invalid") -> Valid | AL24: =IF(AND(Audit_Data[[#This Row],[Recency]]>=0,Audit_Data[[#This Row],[Recency]]<=100),"Valid","Invalid") -> Valid | AM24: =IF(AND(ISNUMBER(J24),J24>=0,ISNUMBER(K24),K24>=0,ISNUMBER(L24),L24>=0,ISNUMBER(M24),M24>=0,ISNUMBER(N24),N24>=0,ISNUMBER(O24),O24>=0),"Valid","Invalid") -> Valid | AN24: =IF(AND(ISNUMBER(P24),P24>=0,ISNUMBER(Q24),Q24>=0,ISNUMBER(R24),R24>=0,ISNUMBER(S24),S24>=0,ISNUMBER(T24),T24>=0),"Valid","Invalid") -> Valid | AO24: =IF(AND(U24<=1,V24<=1,W24<=1,X24<=1,Y24<=1),"Valid","Invalid") -> Valid | AP24: =IF(OR(Z24=0,Z24=1),"Valid","Invalid") -> Valid | AQ24: =IF(Audit_Data[[#This Row],[Z_CostContact]]=3,"Valid","Invalid") -> Valid | AR24: =IF(AB24=11,"Valid","Invalid") -> Valid | AS24: =IF(OR(AC24=0,AC24=1),"Valid","Invalid") -> Valid
... A28: 2404 | B28: 1976 | C28: Graduation | D28: Married | E28: 53359 | F28: 1 | G28: 1 | H28: 41421 | I28: 4 | J28: 173 | K28: 4 | L28: 30 | M28: 3 | N28: 6 | O28: 41 | P28: 4 | Q28: 5 | R28: 1 | S28: 4 | T28: 7 | U28: 0 | V28: 0 | W28: 0 | X28: 0 | Y28: 0 | Z28: 0 | AA28: 3 | AB28: 11 | AC28: 0 | AD28: =IF(COUNTIF(A:A,A28)>1,"Duplicate","Ok") -> Ok | AE28: =IF(AND(Audit_Data[[#This Row],[Year_Birth]]>=1900,Audit_Data[[#This Row],[Year_Birth]]<=2010),"OK","Invalid") -> OK | AF28: =IF(OR(C28="Graduation",C28="phD",C28="Master",C28="Basic",C28="2n Cycle"),"Valid","Invalid") -> Valid | AG28: =IF(OR(D28="Single",D28="Married",D28="Divorced",D28="Together",D28="Widow",D28="Alone"),"Valid","Invalid") -> Valid | AH28: =IF(AND(ISNUMBER(E28),E28<>""),"Valid","Invalid") -> Valid | AI28: =IF(AND(F28>=0,F28<=2),"Valid","Invalid") -> Valid | AJ28: =IF(AND(G28>=0,G28<=2),"Valid","Invalid") -> Valid | AK28: =IF(AND(ISNUMBER(H28),H28>=DATE(2012,1,1),H28<=DATE(2014,12,31)),"Valid ","Invalid") -> Valid | AL28: =IF(AND(Audit_Data[[#This Row],[Recency]]>=0,Audit_Data[[#This Row],[Recency]]<=100),"Valid","Invalid") -> Valid | AM28: =IF(AND(ISNUMBER(J28),J28>=0,ISNUMBER(K28),K28>=0,ISNUMBER(L28),L28>=0,ISNUMBER(M28),M28>=0,ISNUMBER(N28),N28>=0,ISNUMBER(O28),O28>=0),"Valid","Invalid") -> Valid | AN28: =IF(AND(ISNUMBER(P28),P28>=0,ISNUMBER(Q28),Q28>=0,ISNUMBER(R28),R28>=0,ISNUMBER(S28),S28>=0,ISNUMBER(T28),T28>=0),"Valid","Invalid") -> Valid | AO28: =IF(AND(U28<=1,V28<=1,W28<=1,X28<=1,Y28<=1),"Valid","Invalid") -> Valid | AP28: =IF(OR(Z28=0,Z28=1),"Valid","Invalid") -> Valid | AQ28: =IF(Audit_Data[[#This Row],[Z_CostContact]]=3,"Valid","Invalid") -> Valid | AR28: =IF(AB28=11,"Valid","Invalid") -> Valid | AS28: =IF(OR(AC28=0,AC28=1),"Valid","Invalid") -> Valid
A29: 5255 | B29: 1986 | C29: Graduation | D29: Single | F29: 1 | G29: 0 | H29: 41325 | I29: 19 | J29: 5 | K29: 1 | L29: 3 | M29: 3 | N29: 263 | O29: 362 | P29: 0 | Q29: 27 | R29: 0 | S29: 0 | T29: 1 | U29: 0 | V29: 0 | W29: 0 | X29: 0 | Y29: 0 | Z29: 0 | AA29: 3 | AB29: 11 | AC29: 0 | AD29: =IF(COUNTIF(A:A,A29)>1,"Duplicate","Ok") -> Ok | AE29: =IF(AND(Audit_Data[[#This Row],[Year_Birth]]>=1900,Audit_Data[[#This Row],[Year_Birth]]<=2010),"OK","Invalid") -> OK | AF29: =IF(OR(C29="Graduation",C29="phD",C29="Master",C29="Basic",C29="2n Cycle"),"Valid","Invalid") -> Valid | AG29: =IF(OR(D29="Single",D29="Married",D29="Divorced",D29="Together",D29="Widow",D29="Alone"),"Valid","Invalid") -> Valid | AH29: =IF(AND(ISNUMBER(E29),E29<>""),"Valid","Invalid") -> Invalid | AI29: =IF(AND(F29>=0,F29<=2),"Valid","Invalid") -> Valid | AJ29: =IF(AND(G29>=0,G29<=2),"Valid","Invalid") -> Valid | AK29: =IF(AND(ISNUMBER(H29),H29>=DATE(2012,1,1),H29<=DATE(2014,12,31)),"Valid ","Invalid") -> Valid | AL29: =IF(AND(Audit_Data[[#This Row],[Recency]]>=0,Audit_Data[[#This Row],[Recency]]<=100),"Valid","Invalid") -> Valid | AM29: =IF(AND(ISNUMBER(J29),J29>=0,ISNUMBER(K29),K29>=0,ISNUMBER(L29),L29>=0,ISNUMBER(M29),M29>=0,ISNUMBER(N29),N29>=0,ISNUMBER(O29),O29>=0),"Valid","Invalid") -> Valid | AN29: =IF(AND(ISNUMBER(P29),P29>=0,ISNUMBER(Q29),Q29>=0,ISNUMBER(R29),R29>=0,ISNUMBER(S29),S29>=0,ISNUMBER(T29),T29>=0),"Valid","Invalid") -> Valid | AO29: =IF(AND(U29<=1,V29<=1,W29<=1,X29<=1,Y29<=1),"Valid","Invalid") -> Valid | AP29: =IF(OR(Z29=0,Z29=1),"Valid","Invalid") -> Valid | AQ29: =IF(Audit_Data[[#This Row],[Z_CostContact]]=3,"Valid","Invalid") -> Valid | AR29: =IF(AB29=11,"Valid","Invalid") -> Valid | AS29: =IF(OR(AC29=0,AC29=1),"Valid","Invalid") -> Valid
A30: 9422 | B30: 1989 | C30: Graduation | D30: Married | E30: 38360 | F30: 1 | G30: 0 | H30: 41425 | I30: 26 | J30: 36 | K30: 2 | L30: 42 | M30: 20 | N30: 21 | O30: 10 | P30: 2 | Q30: 2 | R30: 1 | S30: 4 | T30: 3 | U30: 0 | V30: 0 | W30: 0 | X30: 0 | Y30: 0 | Z30: 0 | AA30: 3 | AB30: 11 | AC30: 0 | AD30: =IF(COUNTIF(A:A,A30)>1,"Duplicate","Ok") -> Ok | AE30: =IF(AND(Audit_Data[[#This Row],[Year_Birth]]>=1900,Audit_Data[[#This Row],[Year_Birth]]<=2010),"OK","Invalid") -> OK | AF30: =IF(OR(C30="Graduation",C30="phD",C30="Master",C30="Basic",C30="2n Cycle"),"Valid","Invalid") -> Valid | AG30: =IF(OR(D30="Single",D30="Married",D30="Divorced",D30="Together",D30="Widow",D30="Alone"),"Valid","Invalid") -> Valid | AH30: =IF(AND(ISNUMBER(E30),E30<>""),"Valid","Invalid") -> Valid | AI30: =IF(AND(F30>=0,F30<=2),"Valid","Invalid") -> Valid | AJ30: =IF(AND(G30>=0,G30<=2),"Valid","Invalid") -> Valid | AK30: =IF(AND(ISNUMBER(H30),H30>=DATE(2012,1,1),H30<=DATE(2014,12,31)),"Valid ","Invalid") -> Valid | AL30: =IF(AND(Audit_Data[[#This Row],[Recency]]>=0,Audit_Data[[#This Row],[Recency]]<=100),"Valid","Invalid") -> Valid | AM30: =IF(AND(ISNUMBER(J30),J30>=0,ISNUMBER(K30),K30>=0,ISNUMBER(L30),L30>=0,ISNUMBER(M30),M30>=0,ISNUMBER(N30),N30>=0,ISNUMBER(O30),O30>=0),"Valid","Invalid") -> Valid | AN30: =IF(AND(ISNUMBER(P30),P30>=0,ISNUMBER(Q30),Q30>=0,ISNUMBER(R30),R30>=0,ISNUMBER(S30),S30>=0,ISNUMBER(T30),T30>=0),"Valid","Invalid") -> Valid | AO30: =IF(AND(U30<=1,V30<=1,W30<=1,X30<=1,Y30<=1),"Valid","Invalid") -> Valid | AP30: =IF(OR(Z30=0,Z30=1),"Valid","Invalid") -> Valid | AQ30: =IF(Audit_Data[[#This Row],[Z_CostContact]]=3,"Valid","Invalid") -> Valid | AR30: =IF(AB30=11,"Valid","Invalid") -> Valid | AS30: =IF(OR(AC30=0,AC30=1),"Valid","Invalid") -> Valid
A31: 1966 | B31: 1965 | C31: PhD | D31: Married | E31: 84618 | F31: 0 | G31: 0 | H31: 41600 | I31: 96 | J31: 684 | K31: 100 | L31: 801 | M31: 21 | N31: 66 | O31: 0 | P31: 1 | Q31: 6 | R31: 9 | S31: 10 | T31: 2 | U31: 0 | V31: 0 | W31: 1 | X31: 0 | Y31: 0 | Z31: 0 | AA31: 3 | AB31: 11 | AC31: 0 | AD31: =IF(COUNTIF(A:A,A31)>1,"Duplicate","Ok") -> Ok | AE31: =IF(AND(Audit_Data[[#This Row],[Year_Birth]]>=1900,Audit_Data[[#This Row],[Year_Birth]]<=2010),"OK","Invalid") -> OK | AF31: =IF(OR(C31="Graduation",C31="phD",C31="Master",C31="Basic",C31="2n Cycle"),"Valid","Invalid") -> Valid | AG31: =IF(OR(D31="Single",D31="Married",D31="Divorced",D31="Together",D31="Widow",D31="Alone"),"Valid","Invalid") -> Valid | AH31: =IF(AND(ISNUMBER(E31),E31<>""),"Valid","Invalid") -> Valid | AI31: =IF(AND(F31>=0,F31<=2),"Valid","Invalid") -> Valid | AJ31: =IF(AND(G31>=0,G31<=2),"Valid","Invalid") -> Valid | AK31: =IF(AND(ISNUMBER(H31),H31>=DATE(2012,1,1),H31<=DATE(2014,12,31)),"Valid ","Invalid") -> Valid | AL31: =IF(AND(Audit_Data[[#This Row],[Recency]]>=0,Audit_Data[[#This Row],[Recency]]<=100),"Valid","Invalid") -> Valid | AM31: =IF(AND(ISNUMBER(J31),J31>=0,ISNUMBER(K31),K31>=0,ISNUMBER(L31),L31>=0,ISNUMBER(M31),M31>=0,ISNUMBER(N31),N31>=0,ISNUMBER(O31),O31>=0),"Valid","Invalid") -> Valid | AN31: =IF(AND(ISNUMBER(P31),P31>=0,ISNUMBER(Q31),Q31>=0,ISNUMBER(R31),R31>=0,ISNUMBER(S31),S31>=0,ISNUMBER(T31),T31>=0),"Valid","Invalid") -> Valid | AO31: =IF(AND(U31<=1,V31<=1,W31<=1,X31<=1,Y31<=1),"Valid","Invalid") -> Valid | AP31: =IF(OR(Z31=0,Z31=1),"Valid","Invalid") -> Valid | AQ31: =IF(Audit_Data[[#This Row],[Z_CostContact]]=3,"Valid","Invalid") -> Valid | AR31: =IF(AB31=11,"Valid","Invalid") -> Valid | AS31: =IF(OR(AC31=0,AC31=1),"Valid","Invalid") -> Valid
A32: 6864 | B32: 1989 | C32: Master | D32: Divorced | E32: 10979 | F32: 0 | G32: 0 | H32: 41781 | I32: 34 | J32: 8 | K32: 4 | L32: 10 | M32: 2 | N32: 2 | O32: 4 | P32: 2 | Q32: 3 | R32: 0 | S32: 3 | T32: 5 | U32: 0 | V32: 0 | W32: 0 | X32: 0 | Y32: 0 | Z32: 0 | AA32: 3 | AB32: 11 | AC32: 0 | AD32: =IF(COUNTIF(A:A,A32)>1,"Duplicate","Ok") -> Ok | AE32: =IF(AND(Audit_Data[[#This Row],[Year_Birth]]>=1900,Audit_Data[[#This Row],[Year_Birth]]<=2010),"OK","Invalid") -> OK | AF32: =IF(OR(C32="Graduation",C32="phD",C32="Master",C32="Basic",C32="2n Cycle"),"Valid","Invalid") -> Valid | AG32: =IF(OR(D32="Single",D32="Married",D32="Divorced",D32="Together",D32="Widow",D32="Alone"),"Valid","Invalid") -> Valid | AH32: =IF(AND(ISNUMBER(E32),E32<>""),"Valid","Invalid") -> Valid | AI32: =IF(AND(F32>=0,F32<=2),"Valid","Invalid") -> Valid | AJ32: =IF(AND(G32>=0,G32<=2),"Valid","Invalid") -> Valid | AK32: =IF(AND(ISNUMBER(H32),H32>=DATE(2012,1,1),H32<=DATE(2014,12,31)),"Valid ","Invalid") -> Valid | AL32: =IF(AND(Audit_Data[[#This Row],[Recency]]>=0,Audit_Data[[#This Row],[Recency]]<=100),"Valid","Invalid") -> Valid | AM32: =IF(AND(ISNUMBER(J32),J32>=0,ISNUMBER(K32),K32>=0,ISNUMBER(L32),L32>=0,ISNUMBER(M32),M32>=0,ISNUMBER(N32),N32>=0,ISNUMBER(O32),O32>=0),"Valid","Invalid") -> Valid | AN32: =IF(AND(ISNUMBER(P32),P32>=0,ISNUMBER(Q32),Q32>=0,ISNUMBER(R32),R32>=0,ISNUMBER(S32),S32>=0,ISNUMBER(T32),T32>=0),"Valid","Invalid") -> Valid | AO32: =IF(AND(U32<=1,V32<=1,W32<=1,X32<=1,Y32<=1),"Valid","Invalid") -> Valid | AP32: =IF(OR(Z32=0,Z32=1),"Valid","Invalid") -> Valid | AQ32: =IF(Audit_Data[[#This Row],[Z_CostContact]]=3,"Valid","Invalid") -> Valid | AR32: =IF(AB32=11,"Valid","Invalid") -> Valid | AS32: =IF(OR(AC32=0,AC32=1),"Valid","Invalid") -> Valid
A33: 3033 | B33: 1963 | C33: Master | D33: Together | E33: 38620 | F33: 0 | G33: 0 | H33: 41405 | I33: 56 | J33: 112 | K33: 17 | L33: 44 | M33: 34 | N33: 22 | O33: 89 | P33: 1 | Q33: 2 | R33: 5 | S33: 3 | T33: 3 | U33: 0 | V33: 0 | W33: 0 | X33: 0 | Y33: 0 | Z33: 0 | AA33: 3 | AB33: 11 | AC33: 0 | AD33: =IF(COUNTIF(A:A,A33)>1,"Duplicate","Ok") -> Ok | AE33: =IF(AND(Audit_Data[[#This Row],[Year_Birth]]>=1900,Audit_Data[[#This Row],[Year_Birth]]<=2010),"OK","Invalid") -> OK | AF33: =IF(OR(C33="Graduation",C33="phD",C33="Master",C33="Basic",C33="2n Cycle"),"Valid","Invalid") -> Valid | AG33: =IF(OR(D33="Single",D33="Married",D33="Divorced",D33="Together",D33="Widow",D33="Alone"),"Valid","Invalid") -> Valid | AH33: =IF(AND(ISNUMBER(E33),E33<>""),"Valid","Invalid") -> Valid | AI33: =IF(AND(F33>=0,F33<=2),"Valid","Invalid") -> Valid | AJ33: =IF(AND(G33>=0,G33<=2),"Valid","Invalid") -> Valid | AK33: =IF(AND(ISNUMBER(H33),H33>=DATE(2012,1,1),H33<=DATE(2014,12,31)),"Valid ","Invalid") -> Valid | AL33: =IF(AND(Audit_Data[[#This Row],[Recency]]>=0,Audit_Data[[#This Row],[Recency]]<=100),"Valid","Invalid") -> Valid | AM33: =IF(AND(ISNUMBER(J33),J33>=0,ISNUMBER(K33),K33>=0,ISNUMBER(L33),L33>=0,ISNUMBER(M33),M33>=0,ISNUMBER(N33),N33>=0,ISNUMBER(O33),O33>=0),"Valid","Invalid") -> Valid | AN33: =IF(AND(ISNUMBER(P33),P33>=0,ISNUMBER(Q33),Q33>=0,ISNUMBER(R33),R33>=0,ISNUMBER(S33),S33>=0,ISNUMBER(T33),T33>=0),"Valid","Invalid") -> Valid | AO33: =IF(AND(U33<=1,V33<=1,W33<=1,X33<=1,Y33<=1),"Valid","Invalid") -> Valid | AP33: =IF(OR(Z33=0,Z33=1),"Valid","Invalid") -> Valid | AQ33: =IF(Audit_Data[[#This Row],[Z_CostContact]]=3,"Valid","Invalid") -> Valid | AR33: =IF(AB33=11,"Valid","Invalid") -> Valid | AS33: =IF(OR(AC33=0,AC33=1),"Valid","Invalid") -> Valid
A34: 5710 | B34: 1970 | C34: Graduation | D34: Together | E34: 40548 | F34: 0 | G34: 1 | H34: 41192 | I34: 31 | J34: 110 | K34: 0 | L34: 5 | M34: 2 | N34: 0 | O34: 3 | P34: 2 | Q34: 2 | R34: 1 | S34: 4 | T34: 5 | U34: 0 | V34: 1 | W34: 0 | X34: 0 | Y34: 0 | Z34: 0 | AA34: 3 | AB34: 11 | AC34: 0 | AD34: =IF(COUNTIF(A:A,A34)>1,"Duplicate","Ok") -> Ok | AE34: =IF(AND(Audit_Data[[#This Row],[Year_Birth]]>=1900,Audit_Data[[#This Row],[Year_Birth]]<=2010),"OK","Invalid") -> OK | AF34: =IF(OR(C34="Graduation",C34="phD",C34="Master",C34="Basic",C34="2n Cycle"),"Valid","Invalid") -> Valid | AG34: =IF(OR(D34="Single",D34="Married",D34="Divorced",D34="Together",D34="Widow",D34="Alone"),"Valid","Invalid") -> Valid | AH34: =IF(AND(ISNUMBER(E34),E34<>""),"Valid","Invalid") -> Valid | AI34: =IF(AND(F34>=0,F34<=2),"Valid","Invalid") -> Valid | AJ34: =IF(AND(G34>=0,G34<=2),"Valid","Invalid") -> Valid | AK34: =IF(AND(ISNUMBER(H34),H34>=DATE(2012,1,1),H34<=DATE(2014,12,31)),"Valid ","Invalid") -> Valid | AL34: =IF(AND(Audit_Data[[#This Row],[Recency]]>=0,Audit_Data[[#This Row],[Recency]]<=100),"Valid","Invalid") -> Valid | AM34: =IF(AND(ISNUMBER(J34),J34>=0,ISNUMBER(K34),K34>=0,ISNUMBER(L34),L34>=0,ISNUMBER(M34),M34>=0,ISNUMBER(N34),N34>=0,ISNUMBER(O34),O34>=0),"Valid","Invalid") -> Valid | AN34: =IF(AND(ISNUMBER(P34),P34>=0,ISNUMBER(Q34),Q34>=0,ISNUMBER(R34),R34>=0,ISNUMBER(S34),S34>=0,ISNUMBER(T34),T34>=0),"Valid","Invalid") -> Valid | AO34: =IF(AND(U34<=1,V34<=1,W34<=1,X34<=1,Y34<=1),"Valid","Invalid") -> Valid | AP34: =IF(OR(Z34=0,Z34=1),"Valid","Invalid") -> Valid | AQ34: =IF(Audit_Data[[#This Row],[Z_CostContact]]=3,"Valid","Invalid") -> Valid | AR34: =IF(AB34=11,"Valid","Invalid") -> Valid | AS34: =IF(OR(AC34=0,AC34=1),"Valid","Invalid") -> Valid
A35: 7373 | B35: 1952 | C35: PhD | D35: Divorced | E35: 46610 | F35: 0 | G35: 2 | H35: 41211 | I35: 8 | J35: 96 | K35: 12 | L35: 96 | M35: 33 | N35: 22 | O35: 43 | P35: 6 | Q35: 4 | R35: 1 | S35: 6 | T35: 6 | U35: 0 | V35: 0 | W35: 0 | X35: 0 | Y35: 0 | Z35: 0 | AA35: 3 | AB35: 11 | AC35: 1 | AD35: =IF(COUNTIF(A:A,A35)>1,"Duplicate","Ok") -> Ok | AE35: =IF(AND(Audit_Data[[#This Row],[Year_Birth]]>=1900,Audit_Data[[#This Row],[Year_Birth]]<=2010),"OK","Invalid") -> OK | AF35: =IF(OR(C35="Graduation",C35="phD",C35="Master",C35="Basic",C35="2n Cycle"),"Valid","Invalid") -> Valid | AG35: =IF(OR(D35="Single",D35="Married",D35="Divorced",D35="Together",D35="Widow",D35="Alone"),"Valid","Invalid") -> Valid | AH35: =IF(AND(ISNUMBER(E35),E35<>""),"Valid","Invalid") -> Valid | AI35: =IF(AND(F35>=0,F35<=2),"Valid","Invalid") -> Valid | AJ35: =IF(AND(G35>=0,G35<=2),"Valid","Invalid") -> Valid | AK35: =IF(AND(ISNUMBER(H35),H35>=DATE(2012,1,1),H35<=DATE(2014,12,31)),"Valid ","Invalid") -> Valid | AL35: =IF(AND(Audit_Data[[#This Row],[Recency]]>=0,Audit_Data[[#This Row],[Recency]]<=100),"Valid","Invalid") -> Valid | AM35: =IF(AND(ISNUMBER(J35),J35>=0,ISNUMBER(K35),K35>=0,ISNUMBER(L35),L35>=0,ISNUMBER(M35),M35>=0,ISNUMBER(N35),N35>=0,ISNUMBER(O35),O35>=0),"Valid","Invalid") -> Valid | AN35: =IF(AND(ISNUMBER(P35),P35>=0,ISNUMBER(Q35),Q35>=0,ISNUMBER(R35),R35>=0,ISNUMBER(S35),S35>=0,ISNUMBER(T35),T35>=0),"Valid","Invalid") -> Valid | AO35: =IF(AND(U35<=1,V35<=1,W35<=1,X35<=1,Y35<=1),"Valid","Invalid") -> Valid | AP35: =IF(OR(Z35=0,Z35=1),"Valid","Invalid") -> Valid | AQ35: =IF(Audit_Data[[#This Row],[Z_CostContact]]=3,"Valid","Invalid") -> Valid | AR35: =IF(AB35=11,"Valid","Invalid") -> Valid | AS35: =IF(OR(AC35=0,AC35=1),"Valid","Invalid") -> Valid
A36: 8755 | B36: 1946 | C36: Master | D36: Married | E36: 68657 | F36: 0 | G36: 0 | H36: 41325 | I36: 4 | J36: 482 | K36: 34 | L36: 471 | M36: 119 | N36: 68 | O36: 22 | P36: 1 | Q36: 3 | R36: 5 | S36: 9 | T36: 7 | U36: 0 | V36: 0 | W36: 0 | X36: 0 | Y36: 0 | Z36: 0 | AA36: 3 | AB36: 11 | AC36: 0 | AD36: =IF(COUNTIF(A:A,A36)>1,"Duplicate","Ok") -> Ok | AE36: =IF(AND(Audit_Data[[#This Row],[Year_Birth]]>=1900,Audit_Data[[#This Row],[Year_Birth]]<=2010),"OK","Invalid") -> OK | AF36: =IF(OR(C36="Graduation",C36="phD",C36="Master",C36="Basic",C36="2n Cycle"),"Valid","Invalid") -> Valid | AG36: =IF(OR(D36="Single",D36="Married",D36="Divorced",D36="Together",D36="Widow",D36="Alone"),"Valid","Invalid") -> Valid | AH36: =IF(AND(ISNUMBER(E36),E36<>""),"Valid","Invalid") -> Valid | AI36: =IF(AND(F36>=0,F36<=2),"Valid","Invalid") -> Valid | AJ36: =IF(AND(G36>=0,G36<=2),"Valid","Invalid") -> Valid | AK36: =IF(AND(ISNUMBER(H36),H36>=DATE(2012,1,1),H36<=DATE(2014,12,31)),"Valid ","Invalid") -> Valid | AL36: =IF(AND(Audit_Data[[#This Row],[Recency]]>=0,Audit_Data[[#This Row],[Recency]]<=100),"Valid","Invalid") -> Valid | AM36: =IF(AND(ISNUMBER(J36),J36>=0,ISNUMBER(K36),K36>=0,ISNUMBER(L36),L36>=0,ISNUMBER(M36),M36>=0,ISNUMBER(N36),N36>=0,ISNUMBER(O36),O36>=0),"Valid","Invalid") -> Valid | AN36: =IF(AND(ISNUMBER(P36),P36>=0,ISNUMBER(Q36),Q36>=0,ISNUMBER(R36),R36>=0,ISNUMBER(S36),S36>=0,ISNUMBER(T36),T36>=0),"Valid","Invalid") -> Valid | AO36: =IF(AND(U36<=1,V36<=1,W36<=1,X36<=1,Y36<=1),"Valid","Invalid") -> Valid | AP36: =IF(OR(Z36=0,Z36=1),"Valid","Invalid") -> Valid | AQ36: =IF(Audit_Data[[#This Row],[Z_CostContact]]=3,"Valid","Invalid") -> Valid | AR36: =IF(AB36=11,"Valid","Invalid") -> Valid | AS36: =IF(OR(AC36=0,AC36=1),"Valid","Invalid") -> Valid
A37: 10738 | B37: 1951 | C37: Master | D37: Single | E37: 49389 | F37: 1 | G37: 1 | H37: 41515 | I37: 55 | J37: 40 | K37: 0 | L37: 19 | M37: 2 | N37: 1 | O37: 3 | P37: 1 | Q37: 2 | R37: 0 | S37: 3 | T37: 7 | U37: 0 | V37: 0 | W37: 0 | X37: 0 | Y37: 0 | Z37: 0 | AA37: 3 | AB37: 11 | AC37: 0 | AD37: =IF(COUNTIF(A:A,A37)>1,"Duplicate","Ok") -> Ok | AE37: =IF(AND(Audit_Data[[#This Row],[Year_Birth]]>=1900,Audit_Data[[#This Row],[Year_Birth]]<=2010),"OK","Invalid") -> OK | AF37: =IF(OR(C37="Graduation",C37="phD",C37="Master",C37="Basic",C37="2n Cycle"),"Valid","Invalid") -> Valid | AG37: =IF(OR(D37="Single",D37="Married",D37="Divorced",D37="Together",D37="Widow",D37="Alone"),"Valid","Invalid") -> Valid | AH37: =IF(AND(ISNUMBER(E37),E37<>""),"Valid","Invalid") -> Valid | AI37: =IF(AND(F37>=0,F37<=2),"Valid","Invalid") -> Valid | AJ37: =IF(AND(G37>=0,G37<=2),"Valid","Invalid") -> Valid | AK37: =IF(AND(ISNUMBER(H37),H37>=DATE(2012,1,1),H37<=DATE(2014,12,31)),"Valid ","Invalid") -> Valid | AL37: =IF(AND(Audit_Data[[#This Row],[Recency]]>=0,Audit_Data[[#This Row],[Recency]]<=100),"Valid","Invalid") -> Valid | AM37: =IF(AND(ISNUMBER(J37),J37>=0,ISNUMBER(K37),K37>=0,ISNUMBER(L37),L37>=0,ISNUMBER(M37),M37>=0,ISNUMBER(N37),N37>=0,ISNUMBER(O37),O37>=0),"Valid","Invalid") -> Valid | AN37: =IF(AND(ISNUMBER(P37),P37>=0,ISNUMBER(Q37),Q37>=0,ISNUMBER(R37),R37>=0,ISNUMBER(S37),S37>=0,ISNUMBER(T37),T37>=0),"Valid","Invalid") -> Valid | AO37: =IF(AND(U37<=1,V37<=1,W37<=1,X37<=1,Y37<=1),"Valid","Invalid") -> Valid | AP37: =IF(OR(Z37=0,Z37=1),"Valid","Invalid") -> Valid | AQ37: =IF(Audit_Data[[#This Row],[Z_CostContact]]=3,"Valid","Invalid") -> Valid | AR37: =IF(AB37=11,"Valid","Invalid") -> Valid | AS37: =IF(OR(AC37=0,AC37=1),"Valid","Invalid") -> Valid
A38: 4339 | B38: 1970 | C38: PhD | D38: Married | E38: 67353 | F38: 0 | G38: 1 | H38: 41639 | I38: 37 | J38: 702 | K38: 17 | L38: 151 | M38: 0 | N38: 8 | O38: 35 | P38: 5 | Q38: 5 | R38: 6 | S38: 12 | T38: 2 | U38: 0 | V38: 0 | W38: 0 | X38: 0 | Y38: 0 | Z38: 0 | AA38: 3 | AB38: 11 | AC38: 0 | AD38: =IF(COUNTIF(A:A,A38)>1,"Duplicate","Ok") -> Ok | AE38: =IF(AND(Audit_Data[[#This Row],[Year_Birth]]>=1900,Audit_Data[[#This Row],[Year_Birth]]<=2010),"OK","Invalid") -> OK | AF38: =IF(OR(C38="Graduation",C38="phD",C38="Master",C38="Basic",C38="2n Cycle"),"Valid","Invalid") -> Valid | AG38: =IF(OR(D38="Single",D38="Married",D38="Divorced",D38="Together",D38="Widow",D38="Alone"),"Valid","Invalid") -> Valid | AH38: =IF(AND(ISNUMBER(E38),E38<>""),"Valid","Invalid") -> Valid | AI38: =IF(AND(F38>=0,F38<=2),"Valid","Invalid") -> Valid | AJ38: =IF(AND(G38>=0,G38<=2),"Valid","Invalid") -> Valid | AK38: =IF(AND(ISNUMBER(H38),H38>=DATE(2012,1,1),H38<=DATE(2014,12,31)),"Valid ","Invalid") -> Valid | AL38: =IF(AND(Audit_Data[[#This Row],[Recency]]>=0,Audit_Data[[#This Row],[Recency]]<=100),"Valid","Invalid") -> Valid | AM38: =IF(AND(ISNUMBER(J38),J38>=0,ISNUMBER(K38),K38>=0,ISNUMBER(L38),L38>=0,ISNUMBER(M38),M38>=0,ISNUMBER(N38),N38>=0,ISNUMBER(O38),O38>=0),"Valid","Invalid") -> Valid | AN38: =IF(AND(ISNUMBER(P38),P38>=0,ISNUMBER(Q38),Q38>=0,ISNUMBER(R38),R38>=0,ISNUMBER(S38),S38>=0,ISNUMBER(T38),T38>=0),"Valid","Invalid") -> Valid | AO38: =IF(AND(U38<=1,V38<=1,W38<=1,X38<=1,Y38<=1),"Valid","Invalid") -> Valid | AP38: =IF(OR(Z38=0,Z38=1),"Valid","Invalid") -> Valid | AQ38: =IF(Audit_Data[[#This Row],[Z_CostContact]]=3,"Valid","Invalid") -> Valid | AR38: =IF(AB38=11,"Valid","Invalid") -> Valid | AS38: =IF(OR(AC38=0,AC38=1),"Valid","Invalid") -> Valid
A39: 10755 | B39: 1976 | C39: 2n Cycle | D39: Married | E39: 23718 | F39: 1 | G39: 0 | H39: 41519 | I39: 76 | J39: 6 | K39: 3 | L39: 14 | M39: 15 | N39: 7 | O39: 36 | P39: 3 | Q39: 3 | R39: 1 | S39: 2 | T39: 7 | U39: 0 | V39: 0 | W39: 0 | X39: 0 | Y39: 0 | Z39: 0 | AA39: 3 | AB39: 11 | AC39: 0 | AD39: =IF(COUNTIF(A:A,A39)>1,"Duplicate","Ok") -> Ok | AE39: =IF(AND(Audit_Data[[#This Row],[Year_Birth]]>=1900,Audit_Data[[#This Row],[Year_Birth]]<=2010),"OK","Invalid") -> OK | AF39: =IF(OR(C39="Graduation",C39="phD",C39="Master",C39="Basic",C39="2n Cycle"),"Valid","Invalid") -> Valid | AG39: =IF(OR(D39="Single",D39="Married",D39="Divorced",D39="Together",D39="Widow",D39="Alone"),"Valid","Invalid") -> Valid | AH39: =IF(AND(ISNUMBER(E39),E39<>""),"Valid","Invalid") -> Valid | AI39: =IF(AND(F39>=0,F39<=2),"Valid","Invalid") -> Valid | AJ39: =IF(AND(G39>=0,G39<=2),"Valid","Invalid") -> Valid | AK39: =IF(AND(ISNUMBER(H39),H39>=DATE(2012,1,1),H39<=DATE(2014,12,31)),"Valid ","Invalid") -> Valid | AL39: =IF(AND(Audit_Data[[#This Row],[Recency]]>=0,Audit_Data[[#This Row],[Recency]]<=100),"Valid","Invalid") -> Valid | AM39: =IF(AND(ISNUMBER(J39),J39>=0,ISNUMBER(K39),K39>=0,ISNUMBER(L39),L39>=0,ISNUMBER(M39),M39>=0,ISNUMBER(N39),N39>=0,ISNUMBER(O39),O39>=0),"Valid","Invalid") -> Valid | AN39: =IF(AND(ISNUMBER(P39),P39>=0,ISNUMBER(Q39),Q39>=0,ISNUMBER(R39),R39>=0,ISNUMBER(S39),S39>=0,ISNUMBER(T39),T39>=0),"Valid","Invalid") -> Valid | AO39: =IF(AND(U39<=1,V39<=1,W39<=1,X39<=1,Y39<=1),"Valid","Invalid") -> Valid | AP39: =IF(OR(Z39=0,Z39=1),"Valid","Invalid") -> Valid | AQ39: =IF(Audit_Data[[#This Row],[Z_CostContact]]=3,"Valid","Invalid") -> Valid | AR39: =IF(AB39=11,"Valid","Invalid") -> Valid | AS39: =IF(OR(AC39=0,AC39=1),"Valid","Invalid") -> Valid
A40: 8595 | B40: 1973 | C40: Graduation | D40: Widow | E40: 42429 | F40: 0 | G40: 1 | H40: 41681 | I40: 99 | J40: 55 | K40: 0 | L40: 6 | M40: 2 | N40: 0 | O40: 4 | P40: 2 | Q40: 1 | R40: 1 | S40: 3 | T40: 5 | U40: 0 | V40: 0 | W40: 0 | X40: 0 | Y40: 0 | Z40: 0 | AA40: 3 | AB40: 11 | AC40: 0 | AD40: =IF(COUNTIF(A:A,A40)>1,"Duplicate","Ok") -> Ok | AE40: =IF(AND(Audit_Data[[#This Row],[Year_Birth]]>=1900,Audit_Data[[#This Row],[Year_Birth]]<=2010),"OK","Invalid") -> OK | AF40: =IF(OR(C40="Graduation",C40="phD",C40="Master",C40="Basic",C40="2n Cycle"),"Valid","Invalid") -> Valid | AG40: =IF(OR(D40="Single",D40="Married",D40="Divorced",D40="Together",D40="Widow",D40="Alone"),"Valid","Invalid") -> Valid | AH40: =IF(AND(ISNUMBER(E40),E40<>""),"Valid","Invalid") -> Valid | AI40: =IF(AND(F40>=0,F40<=2),"Valid","Invalid") -> Valid | AJ40: =IF(AND(G40>=0,G40<=2),"Valid","Invalid") -> Valid | AK40: =IF(AND(ISNUMBER(H40),H40>=DATE(2012,1,1),H40<=DATE(2014,12,31)),"Valid ","Invalid") -> Valid | AL40: =IF(AND(Audit_Data[[#This Row],[Recency]]>=0,Audit_Data[[#This Row],[Recency]]<=100),"Valid","Invalid") -> Valid | AM40: =IF(AND(ISNUMBER(J40),J40>=0,ISNUMBER(K40),K40>=0,ISNUMBER(L40),L40>=0,ISNUMBER(M40),M40>=0,ISNUMBER(N40),N40>=0,ISNUMBER(O40),O40>=0),"Valid","Invalid") -> Valid | AN40: =IF(AND(ISNUMBER(P40),P40>=0,ISNUMBER(Q40),Q40>=0,ISNUMBER(R40),R40>=0,ISNUMBER(S40),S40>=0,ISNUMBER(T40),T40>=0),"Valid","Invalid") -> Valid | AO40: =IF(AND(U40<=1,V40<=1,W40<=1,X40<=1,Y40<=1),"Valid","Invalid") -> Valid | AP40: =IF(OR(Z40=0,Z40=1),"Valid","Invalid") -> Valid | AQ40: =IF(Audit_Data[[#This Row],[Z_CostContact]]=3,"Valid","Invalid") -> Valid | AR40: =IF(AB40=11,"Valid","Invalid") -> Valid | AS40: =IF(OR(AC40=0,AC40=1),"Valid","Invalid") -> Valid
A41: 2968 | B41: 1943 | C41: PhD | D41: Divorced | E41: 48948 | F41: 0 | G41: 0 | H41: 41306 | I41: 53 | J41: 437 | K41: 8 | L41: 206 | M41: 160 | N41: 49 | O41: 42 | P41: 2 | Q41: 7 | R41: 10 | S41: 5 | T41: 6 | U41: 1 | V41: 0 | W41: 0 | X41: 0 | Y41: 0 | Z41: 0 | AA41: 3 | AB41: 11 | AC41: 1 | AD41: =IF(COUNTIF(A:A,A41)>1,"Duplicate","Ok") -> Ok | AE41: =IF(AND(Audit_Data[[#This Row],[Year_Birth]]>=1900,Audit_Data[[#This Row],[Year_Birth]]<=2010),"OK","Invalid") -> OK | AF41: =IF(OR(C41="Graduation",C41="phD",C41="Master",C41="Basic",C41="2n Cycle"),"Valid","Invalid") -> Valid | AG41: =IF(OR(D41="Single",D41="Married",D41="Divorced",D41="Together",D41="Widow",D41="Alone"),"Valid","Invalid") -> Valid | AH41: =IF(AND(ISNUMBER(E41),E41<>""),"Valid","Invalid") -> Valid | AI41: =IF(AND(F41>=0,F41<=2),"Valid","Invalid") -> Valid | AJ41: =IF(AND(G41>=0,G41<=2),"Valid","Invalid") -> Valid | AK41: =IF(AND(ISNUMBER(H41),H41>=DATE(2012,1,1),H41<=DATE(2014,12,31)),"Valid ","Invalid") -> Valid | AL41: =IF(AND(Audit_Data[[#This Row],[Recency]]>=0,Audit_Data[[#This Row],[Recency]]<=100),"Valid","Invalid") -> Valid | AM41: =IF(AND(ISNUMBER(J41),J41>=0,ISNUMBER(K41),K41>=0,ISNUMBER(L41),L41>=0,ISNUMBER(M41),M41>=0,ISNUMBER(N41),N41>=0,ISNUMBER(O41),O41>=0),"Valid","Invalid") -> Valid | AN41: =IF(AND(ISNUMBER(P41),P41>=0,ISNUMBER(Q41),Q41>=0,ISNUMBER(R41),R41>=0,ISNUMBER(S41),S41>=0,ISNUMBER(T41),T41>=0),"Valid","Invalid") -> Valid | AO41: =IF(AND(U41<=1,V41<=1,W41<=1,X41<=1,Y41<=1),"Valid","Invalid") -> Valid | AP41: =IF(OR(Z41=0,Z41=1),"Valid","Invalid") -> Valid | AQ41: =IF(Audit_Data[[#This Row],[Z_CostContact]]=3,"Valid","Invalid") -> Valid | AR41: =IF(AB41=11,"Valid","Invalid") -> Valid | AS41: =IF(OR(AC41=0,AC41=1),"Valid","Invalid") -> Valid
... A44: 8430 | B44: 1957 | C44: Graduation | D44: Together | E44: 21994 | F44: 0 | G44: 1 | H44: 41267 | I44: 4 | J44: 9 | K44: 0 | L44: 6 | M44: 3 | N44: 1 | O44: 3 | P44: 1 | Q44: 0 | R44: 0 | S44: 3 | T44: 5 | U44: 0 | V44: 0 | W44: 0 | X44: 0 | Y44: 0 | Z44: 0 | AA44: 3 | AB44: 11 | AC44: 0 | AD44: =IF(COUNTIF(A:A,A44)>1,"Duplicate","Ok") -> Ok | AE44: =IF(AND(Audit_Data[[#This Row],[Year_Birth]]>=1900,Audit_Data[[#This Row],[Year_Birth]]<=2010),"OK","Invalid") -> OK | AF44: =IF(OR(C44="Graduation",C44="phD",C44="Master",C44="Basic",C44="2n Cycle"),"Valid","Invalid") -> Valid | AG44: =IF(OR(D44="Single",D44="Married",D44="Divorced",D44="Together",D44="Widow",D44="Alone"),"Valid","Invalid") -> Valid | AH44: =IF(AND(ISNUMBER(E44),E44<>""),"Valid","Invalid") -> Valid | AI44: =IF(AND(F44>=0,F44<=2),"Valid","Invalid") -> Valid | AJ44: =IF(AND(G44>=0,G44<=2),"Valid","Invalid") -> Valid | AK44: =IF(AND(ISNUMBER(H44),H44>=DATE(2012,1,1),H44<=DATE(2014,12,31)),"Valid ","Invalid") -> Valid | AL44: =IF(AND(Audit_Data[[#This Row],[Recency]]>=0,Audit_Data[[#This Row],[Recency]]<=100),"Valid","Invalid") -> Valid | AM44: =IF(AND(ISNUMBER(J44),J44>=0,ISNUMBER(K44),K44>=0,ISNUMBER(L44),L44>=0,ISNUMBER(M44),M44>=0,ISNUMBER(N44),N44>=0,ISNUMBER(O44),O44>=0),"Valid","Invalid") -> Valid | AN44: =IF(AND(ISNUMBER(P44),P44>=0,ISNUMBER(Q44),Q44>=0,ISNUMBER(R44),R44>=0,ISNUMBER(S44),S44>=0,ISNUMBER(T44),T44>=0),"Valid","Invalid") -> Valid | AO44: =IF(AND(U44<=1,V44<=1,W44<=1,X44<=1,Y44<=1),"Valid","Invalid") -> Valid | AP44: =IF(OR(Z44=0,Z44=1),"Valid","Invalid") -> Valid | AQ44: =IF(Audit_Data[[#This Row],[Z_CostContact]]=3,"Valid","Invalid") -> Valid | AR44: =IF(AB44=11,"Valid","Invalid") -> Valid | AS44: =IF(OR(AC44=0,AC44=1),"Valid","Invalid") -> Valid
A45: 7281 | B45: 1959 | C45: PhD | D45: Single | F45: 0 | G45: 0 | H45: 41583 | I45: 80 | J45: 81 | K45: 11 | L45: 50 | M45: 3 | N45: 2 | O45: 39 | P45: 1 | Q45: 1 | R45: 3 | S45: 4 | T45: 2 | U45: 0 | V45: 0 | W45: 0 | X45: 0 | Y45: 0 | Z45: 0 | AA45: 3 | AB45: 11 | AC45: 0 | AD45: =IF(COUNTIF(A:A,A45)>1,"Duplicate","Ok") -> Ok | AE45: =IF(AND(Audit_Data[[#This Row],[Year_Birth]]>=1900,Audit_Data[[#This Row],[Year_Birth]]<=2010),"OK","Invalid") -> OK | AF45: =IF(OR(C45="Graduation",C45="phD",C45="Master",C45="Basic",C45="2n Cycle"),"Valid","Invalid") -> Valid | AG45: =IF(OR(D45="Single",D45="Married",D45="Divorced",D45="Together",D45="Widow",D45="Alone"),"Valid","Invalid") -> Valid | AH45: =IF(AND(ISNUMBER(E45),E45<>""),"Valid","Invalid") -> Invalid | AI45: =IF(AND(F45>=0,F45<=2),"Valid","Invalid") -> Valid | AJ45: =IF(AND(G45>=0,G45<=2),"Valid","Invalid") -> Valid | AK45: =IF(AND(ISNUMBER(H45),H45>=DATE(2012,1,1),H45<=DATE(2014,12,31)),"Valid ","Invalid") -> Valid | AL45: =IF(AND(Audit_Data[[#This Row],[Recency]]>=0,Audit_Data[[#This Row],[Recency]]<=100),"Valid","Invalid") -> Valid | AM45: =IF(AND(ISNUMBER(J45),J45>=0,ISNUMBER(K45),K45>=0,ISNUMBER(L45),L45>=0,ISNUMBER(M45),M45>=0,ISNUMBER(N45),N45>=0,ISNUMBER(O45),O45>=0),"Valid","Invalid") -> Valid | AN45: =IF(AND(ISNUMBER(P45),P45>=0,ISNUMBER(Q45),Q45>=0,ISNUMBER(R45),R45>=0,ISNUMBER(S45),S45>=0,ISNUMBER(T45),T45>=0),"Valid","Invalid") -> Valid | AO45: =IF(AND(U45<=1,V45<=1,W45<=1,X45<=1,Y45<=1),"Valid","Invalid") -> Valid | AP45: =IF(OR(Z45=0,Z45=1),"Valid","Invalid") -> Valid | AQ45: =IF(Audit_Data[[#This Row],[Z_CostContact]]=3,"Valid","Invalid") -> Valid | AR45: =IF(AB45=11,"Valid","Invalid") -> Valid | AS45: =IF(OR(AC45=0,AC45=1),"Valid","Invalid") -> Valid
A46: 2139 | B46: 1975 | C46: Master | D46: Married | E46: 7500 | F46: 1 | G46: 0 | H46: 41549 | I46: 19 | J46: 3 | K46: 1 | L46: 10 | M46: 3 | N46: 2 | O46: 12 | P46: 3 | Q46: 2 | R46: 0 | S46: 3 | T46: 5 | U46: 0 | V46: 0 | W46: 0 | X46: 0 | Y46: 0 | Z46: 0 | AA46: 3 | AB46: 11 | AC46: 0 | AD46: =IF(COUNTIF(A:A,A46)>1,"Duplicate","Ok") -> Ok | AE46: =IF(AND(Audit_Data[[#This Row],[Year_Birth]]>=1900,Audit_Data[[#This Row],[Year_Birth]]<=2010),"OK","Invalid") -> OK | AF46: =IF(OR(C46="Graduation",C46="phD",C46="Master",C46="Basic",C46="2n Cycle"),"Valid","Invalid") -> Valid | AG46: =IF(OR(D46="Single",D46="Married",D46="Divorced",D46="Together",D46="Widow",D46="Alone"),"Valid","Invalid") -> Valid | AH46: =IF(AND(ISNUMBER(E46),E46<>""),"Valid","Invalid") -> Valid | AI46: =IF(AND(F46>=0,F46<=2),"Valid","Invalid") -> Valid | AJ46: =IF(AND(G46>=0,G46<=2),"Valid","Invalid") -> Valid | AK46: =IF(AND(ISNUMBER(H46),H46>=DATE(2012,1,1),H46<=DATE(2014,12,31)),"Valid ","Invalid") -> Valid | AL46: =IF(AND(Audit_Data[[#This Row],[Recency]]>=0,Audit_Data[[#This Row],[Recency]]<=100),"Valid","Invalid") -> Valid | AM46: =IF(AND(ISNUMBER(J46),J46>=0,ISNUMBER(K46),K46>=0,ISNUMBER(L46),L46>=0,ISNUMBER(M46),M46>=0,ISNUMBER(N46),N46>=0,ISNUMBER(O46),O46>=0),"Valid","Invalid") -> Valid | AN46: =IF(AND(ISNUMBER(P46),P46>=0,ISNUMBER(Q46),Q46>=0,ISNUMBER(R46),R46>=0,ISNUMBER(S46),S46>=0,ISNUMBER(T46),T46>=0),"Valid","Invalid") -> Valid | AO46: =IF(AND(U46<=1,V46<=1,W46<=1,X46<=1,Y46<=1),"Valid","Invalid") -> Valid | AP46: =IF(OR(Z46=0,Z46=1),"Valid","Invalid") -> Valid | AQ46: =IF(Audit_Data[[#This Row],[Z_CostContact]]=3,"Valid","Invalid") -> Valid | AR46: =IF(AB46=11,"Valid","Invalid") -> Valid | AS46: =IF(OR(AC46=0,AC46=1),"Valid","Invalid") -> Valid
A47: 1371 | B47: 1976 | C47: Graduation | D47: Single | E47: 79941 | F47: 0 | G47: 0 | H47: 41818 | I47: 72 | J47: 123 | K47: 164 | L47: 266 | M47: 227 | N47: 30 | O47: 174 | P47: 1 | Q47: 2 | R47: 4 | S47: 9 | T47: 1 | U47: 0 | V47: 0 | W47: 0 | X47: 0 | Y47: 0 | Z47: 0 | AA47: 3 | AB47: 11 | AC47: 0 | AD47: =IF(COUNTIF(A:A,A47)>1,"Duplicate","Ok") -> Ok | AE47: =IF(AND(Audit_Data[[#This Row],[Year_Birth]]>=1900,Audit_Data[[#This Row],[Year_Birth]]<=2010),"OK","Invalid") -> OK | AF47: =IF(OR(C47="Graduation",C47="phD",C47="Master",C47="Basic",C47="2n Cycle"),"Valid","Invalid") -> Valid | AG47: =IF(OR(D47="Single",D47="Married",D47="Divorced",D47="Together",D47="Widow",D47="Alone"),"Valid","Invalid") -> Valid | AH47: =IF(AND(ISNUMBER(E47),E47<>""),"Valid","Invalid") -> Valid | AI47: =IF(AND(F47>=0,F47<=2),"Valid","Invalid") -> Valid | AJ47: =IF(AND(G47>=0,G47<=2),"Valid","Invalid") -> Valid | AK47: =IF(AND(ISNUMBER(H47),H47>=DATE(2012,1,1),H47<=DATE(2014,12,31)),"Valid ","Invalid") -> Valid | AL47: =IF(AND(Audit_Data[[#This Row],[Recency]]>=0,Audit_Data[[#This Row],[Recency]]<=100),"Valid","Invalid") -> Valid | AM47: =IF(AND(ISNUMBER(J47),J47>=0,ISNUMBER(K47),K47>=0,ISNUMBER(L47),L47>=0,ISNUMBER(M47),M47>=0,ISNUMBER(N47),N47>=0,ISNUMBER(O47),O47>=0),"Valid","Invalid") -> Valid | AN47: =IF(AND(ISNUMBER(P47),P47>=0,ISNUMBER(Q47),Q47>=0,ISNUMBER(R47),R47>=0,ISNUMBER(S47),S47>=0,ISNUMBER(T47),T47>=0),"Valid","Invalid") -> Valid | AO47: =IF(AND(U47<=1,V47<=1,W47<=1,X47<=1,Y47<=1),"Valid","Invalid") -> Valid | AP47: =IF(OR(Z47=0,Z47=1),"Valid","Invalid") -> Valid | AQ47: =IF(Audit_Data[[#This Row],[Z_CostContact]]=3,"Valid","Invalid") -> Valid | AR47: =IF(AB47=11,"Valid","Invalid") -> Valid | AS47: =IF(OR(AC47=0,AC47=1),"Valid","Invalid") -> Valid
A48: 9909 | B48: 1996 | C48: 2n Cycle | D48: Married | E48: 7500 | F48: 0 | G48: 0 | H48: 41222 | I48: 24 | J48: 3 | K48: 18 | L48: 14 | M48: 15 | N48: 22 | O48: 50 | P48: 3 | Q48: 3 | R48: 1 | S48: 3 | T48: 9 | U48: 0 | V48: 0 | W48: 0 | X48: 0 | Y48: 0 | Z48: 0 | AA48: 3 | AB48: 11 | AC48: 1 | AD48: =IF(COUNTIF(A:A,A48)>1,"Duplicate","Ok") -> Ok | AE48: =IF(AND(Audit_Data[[#This Row],[Year_Birth]]>=1900,Audit_Data[[#This Row],[Year_Birth]]<=2010),"OK","Invalid") -> OK | AF48: =IF(OR(C48="Graduation",C48="phD",C48="Master",C48="Basic",C48="2n Cycle"),"Valid","Invalid") -> Valid | AG48: =IF(OR(D48="Single",D48="Married",D48="Divorced",D48="Together",D48="Widow",D48="Alone"),"Valid","Invalid") -> Valid | AH48: =IF(AND(ISNUMBER(E48),E48<>""),"Valid","Invalid") -> Valid | AI48: =IF(AND(F48>=0,F48<=2),"Valid","Invalid") -> Valid | AJ48: =IF(AND(G48>=0,G48<=2),"Valid","Invalid") -> Valid | AK48: =IF(AND(ISNUMBER(H48),H48>=DATE(2012,1,1),H48<=DATE(2014,12,31)),"Valid ","Invalid") -> Valid | AL48: =IF(AND(Audit_Data[[#This Row],[Recency]]>=0,Audit_Data[[#This Row],[Recency]]<=100),"Valid","Invalid") -> Valid | AM48: =IF(AND(ISNUMBER(J48),J48>=0,ISNUMBER(K48),K48>=0,ISNUMBER(L48),L48>=0,ISNUMBER(M48),M48>=0,ISNUMBER(N48),N48>=0,ISNUMBER(O48),O48>=0),"Valid","Invalid") -> Valid | AN48: =IF(AND(ISNUMBER(P48),P48>=0,ISNUMBER(Q48),Q48>=0,ISNUMBER(R48),R48>=0,ISNUMBER(S48),S48>=0,ISNUMBER(T48),T48>=0),"Valid","Invalid") -> Valid | AO48: =IF(AND(U48<=1,V48<=1,W48<=1,X48<=1,Y48<=1),"Valid","Invalid") -> Valid | AP48: =IF(OR(Z48=0,Z48=1),"Valid","Invalid") -> Valid | AQ48: =IF(Audit_Data[[#This Row],[Z_CostContact]]=3,"Valid","Invalid") -> Valid | AR48: =IF(AB48=11,"Valid","Invalid") -> Valid | AS48: =IF(OR(AC48=0,AC48=1),"Valid","Invalid") -> Valid
A49: 7286 | B49: 1968 | C49: Graduation | D49: Together | E49: 41728 | F49: 1 | G49: 0 | H49: 41418 | I49: 92 | J49: 13 | K49: 6 | L49: 15 | M49: 3 | N49: 5 | O49: 13 | P49: 1 | Q49: 2 | R49: 0 | S49: 2 | T49: 10 | U49: 0 | V49: 0 | W49: 0 | X49: 0 | Y49: 0 | Z49: 0 | AA49: 3 | AB49: 11 | AC49: 0 | AD49: =IF(COUNTIF(A:A,A49)>1,"Duplicate","Ok") -> Ok | AE49: =IF(AND(Audit_Data[[#This Row],[Year_Birth]]>=1900,Audit_Data[[#This Row],[Year_Birth]]<=2010),"OK","Invalid") -> OK | AF49: =IF(OR(C49="Graduation",C49="phD",C49="Master",C49="Basic",C49="2n Cycle"),"Valid","Invalid") -> Valid | AG49: =IF(OR(D49="Single",D49="Married",D49="Divorced",D49="Together",D49="Widow",D49="Alone"),"Valid","Invalid") -> Valid | AH49: =IF(AND(ISNUMBER(E49),E49<>""),"Valid","Invalid") -> Valid | AI49: =IF(AND(F49>=0,F49<=2),"Valid","Invalid") -> Valid | AJ49: =IF(AND(G49>=0,G49<=2),"Valid","Invalid") -> Valid | AK49: =IF(AND(ISNUMBER(H49),H49>=DATE(2012,1,1),H49<=DATE(2014,12,31)),"Valid ","Invalid") -> Valid | AL49: =IF(AND(Audit_Data[[#This Row],[Recency]]>=0,Audit_Data[[#This Row],[Recency]]<=100),"Valid","Invalid") -> Valid | AM49: =IF(AND(ISNUMBER(J49),J49>=0,ISNUMBER(K49),K49>=0,ISNUMBER(L49),L49>=0,ISNUMBER(M49),M49>=0,ISNUMBER(N49),N49>=0,ISNUMBER(O49),O49>=0),"Valid","Invalid") -> Valid | AN49: =IF(AND(ISNUMBER(P49),P49>=0,ISNUMBER(Q49),Q49>=0,ISNUMBER(R49),R49>=0,ISNUMBER(S49),S49>=0,ISNUMBER(T49),T49>=0),"Valid","Invalid") -> Valid | AO49: =IF(AND(U49<=1,V49<=1,W49<=1,X49<=1,Y49<=1),"Valid","Invalid") -> Valid | AP49: =IF(OR(Z49=0,Z49=1),"Valid","Invalid") -> Valid | AQ49: =IF(Audit_Data[[#This Row],[Z_CostContact]]=3,"Valid","Invalid") -> Valid | AR49: =IF(AB49=11,"Valid","Invalid") -> Valid | AS49: =IF(OR(AC49=0,AC49=1),"Valid","Invalid") -> Valid
A50: 7244 | B50: 1951 | C50: Graduation | D50: Single | F50: 2 | G50: 1 | H50: 41640 | I50: 96 | J50: 48 | K50: 5 | L50: 48 | M50: 6 | N50: 10 | O50: 7 | P50: 3 | Q50: 2 | R50: 1 | S50: 4 | T50: 6 | U50: 0 | V50: 0 | W50: 0 | X50: 0 | Y50: 0 | Z50: 0 | AA50: 3 | AB50: 11 | AC50: 0 | AD50: =IF(COUNTIF(A:A,A50)>1,"Duplicate","Ok") -> Ok | AE50: =IF(AND(Audit_Data[[#This Row],[Year_Birth]]>=1900,Audit_Data[[#This Row],[Year_Birth]]<=2010),"OK","Invalid") -> OK | AF50: =IF(OR(C50="Graduation",C50="phD",C50="Master",C50="Basic",C50="2n Cycle"),"Valid","Invalid") -> Valid | AG50: =IF(OR(D50="Single",D50="Married",D50="Divorced",D50="Together",D50="Widow",D50="Alone"),"Valid","Invalid") -> Valid | AH50: =IF(AND(ISNUMBER(E50),E50<>""),"Valid","Invalid") -> Invalid | AI50: =IF(AND(F50>=0,F50<=2),"Valid","Invalid") -> Valid | AJ50: =IF(AND(G50>=0,G50<=2),"Valid","Invalid") -> Valid | AK50: =IF(AND(ISNUMBER(H50),H50>=DATE(2012,1,1),H50<=DATE(2014,12,31)),"Valid ","Invalid") -> Valid | AL50: =IF(AND(Audit_Data[[#This Row],[Recency]]>=0,Audit_Data[[#This Row],[Recency]]<=100),"Valid","Invalid") -> Valid | AM50: =IF(AND(ISNUMBER(J50),J50>=0,ISNUMBER(K50),K50>=0,ISNUMBER(L50),L50>=0,ISNUMBER(M50),M50>=0,ISNUMBER(N50),N50>=0,ISNUMBER(O50),O50>=0),"Valid","Invalid") -> Valid | AN50: =IF(AND(ISNUMBER(P50),P50>=0,ISNUMBER(Q50),Q50>=0,ISNUMBER(R50),R50>=0,ISNUMBER(S50),S50>=0,ISNUMBER(T50),T50>=0),"Valid","Invalid") -> Valid | AO50: =IF(AND(U50<=1,V50<=1,W50<=1,X50<=1,Y50<=1),"Valid","Invalid") -> Valid | AP50: =IF(OR(Z50=0,Z50=1),"Valid","Invalid") -> Valid | AQ50: =IF(Audit_Data[[#This Row],[Z_CostContact]]=3,"Valid","Invalid") -> Valid | AR50: =IF(AB50=11,"Valid","Invalid") -> Valid | AS50: =IF(OR(AC50=0,AC50=1),"Valid","Invalid") -> Valid
A51: 6566 | B51: 1954 | C51: PhD | D51: Married | E51: 72550 | F51: 1 | G51: 1 | H51: 41221 | I51: 39 | J51: 826 | K51: 50 | L51: 317 | M51: 50 | N51: 38 | O51: 38 | P51: 9 | Q51: 5 | R51: 2 | S51: 12 | T51: 8 | U51: 0 | V51: 0 | W51: 0 | X51: 0 | Y51: 0 | Z51: 0 | AA51: 3 | AB51: 11 | AC51: 0 | AD51: =IF(COUNTIF(A:A,A51)>1,"Duplicate","Ok") -> Ok | AE51: =IF(AND(Audit_Data[[#This Row],[Year_Birth]]>=1900,Audit_Data[[#This Row],[Year_Birth]]<=2010),"OK","Invalid") -> OK | AF51: =IF(OR(C51="Graduation",C51="phD",C51="Master",C51="Basic",C51="2n Cycle"),"Valid","Invalid") -> Valid | AG51: =IF(OR(D51="Single",D51="Married",D51="Divorced",D51="Together",D51="Widow",D51="Alone"),"Valid","Invalid") -> Valid | AH51: =IF(AND(ISNUMBER(E51),E51<>""),"Valid","Invalid") -> Valid | AI51: =IF(AND(F51>=0,F51<=2),"Valid","Invalid") -> Valid | AJ51: =IF(AND(G51>=0,G51<=2),"Valid","Invalid") -> Valid | AK51: =IF(AND(ISNUMBER(H51),H51>=DATE(2012,1,1),H51<=DATE(2014,12,31)),"Valid ","Invalid") -> Valid | AL51: =IF(AND(Audit_Data[[#This Row],[Recency]]>=0,Audit_Data[[#This Row],[Recency]]<=100),"Valid","Invalid") -> Valid | AM51: =IF(AND(ISNUMBER(J51),J51>=0,ISNUMBER(K51),K51>=0,ISNUMBER(L51),L51>=0,ISNUMBER(M51),M51>=0,ISNUMBER(N51),N51>=0,ISNUMBER(O51),O51>=0),"Valid","Invalid") -> Valid | AN51: =IF(AND(ISNUMBER(P51),P51>=0,ISNUMBER(Q51),Q51>=0,ISNUMBER(R51),R51>=0,ISNUMBER(S51),S51>=0,ISNUMBER(T51),T51>=0),"Valid","Invalid") -> Valid | AO51: =IF(AND(U51<=1,V51<=1,W51<=1,X51<=1,Y51<=1),"Valid","Invalid") -> Valid | AP51: =IF(OR(Z51=0,Z51=1),"Valid","Invalid") -> Valid | AQ51: =IF(Audit_Data[[#This Row],[Z_CostContact]]=3,"Valid","Invalid") -> Valid | AR51: =IF(AB51=11,"Valid","Invalid") -> Valid | AS51: =IF(OR(AC51=0,AC51=1),"Valid","Invalid") -> Valid
A52: 8614 | B52: 1957 | C52: Graduation | D52: Widow | E52: 65486 | F52: 0 | G52: 1 | H52: 41771 | I52: 29 | J52: 245 | K52: 19 | L52: 125 | M52: 37 | N52: 67 | O52: 14 | P52: 1 | Q52: 4 | R52: 2 | S52: 10 | T52: 2 | U52: 0 | V52: 0 | W52: 0 | X52: 0 | Y52: 0 | Z52: 0 | AA52: 3 | AB52: 11 | AC52: 0 | AD52: =IF(COUNTIF(A:A,A52)>1,"Duplicate","Ok") -> Ok | AE52: =IF(AND(Audit_Data[[#This Row],[Year_Birth]]>=1900,Audit_Data[[#This Row],[Year_Birth]]<=2010),"OK","Invalid") -> OK | AF52: =IF(OR(C52="Graduation",C52="phD",C52="Master",C52="Basic",C52="2n Cycle"),"Valid","Invalid") -> Valid | AG52: =IF(OR(D52="Single",D52="Married",D52="Divorced",D52="Together",D52="Widow",D52="Alone"),"Valid","Invalid") -> Valid | AH52: =IF(AND(ISNUMBER(E52),E52<>""),"Valid","Invalid") -> Valid | AI52: =IF(AND(F52>=0,F52<=2),"Valid","Invalid") -> Valid | AJ52: =IF(AND(G52>=0,G52<=2),"Valid","Invalid") -> Valid | AK52: =IF(AND(ISNUMBER(H52),H52>=DATE(2012,1,1),H52<=DATE(2014,12,31)),"Valid ","Invalid") -> Valid | AL52: =IF(AND(Audit_Data[[#This Row],[Recency]]>=0,Audit_Data[[#This Row],[Recency]]<=100),"Valid","Invalid") -> Valid | AM52: =IF(AND(ISNUMBER(J52),J52>=0,ISNUMBER(K52),K52>=0,ISNUMBER(L52),L52>=0,ISNUMBER(M52),M52>=0,ISNUMBER(N52),N52>=0,ISNUMBER(O52),O52>=0),"Valid","Invalid") -> Valid | AN52: =IF(AND(ISNUMBER(P52),P52>=0,ISNUMBER(Q52),Q52>=0,ISNUMBER(R52),R52>=0,ISNUMBER(S52),S52>=0,ISNUMBER(T52),T52>=0),"Valid","Invalid") -> Valid | AO52: =IF(AND(U52<=1,V52<=1,W52<=1,X52<=1,Y52<=1),"Valid","Invalid") -> Valid | AP52: =IF(OR(Z52=0,Z52=1),"Valid","Invalid") -> Valid | AQ52: =IF(Audit_Data[[#This Row],[Z_CostContact]]=3,"Valid","Invalid") -> Valid | AR52: =IF(AB52=11,"Valid","Invalid") -> Valid | AS52: =IF(OR(AC52=0,AC52=1),"Valid","Invalid") -> Valid
A53: 4114 | B53: 1964 | C53: Master | D53: Married | E53: 79143 | F53: 0 | G53: 0 | H53: 41132 | I53: 2 | J53: 650 | K53: 37 | L53: 780 | M53: 27 | N53: 167 | O53: 32 | P53: 1 | Q53: 6 | R53: 9 | S53: 13 | T53: 3 | U53: 0 | V53: 0 | W53: 0 | X53: 0 | Y53: 0 | Z53: 0 | AA53: 3 | AB53: 11 | AC53: 0 | AD53: =IF(COUNTIF(A:A,A53)>1,"Duplicate","Ok") -> Ok | AE53: =IF(AND(Audit_Data[[#This Row],[Year_Birth]]>=1900,Audit_Data[[#This Row],[Year_Birth]]<=2010),"OK","Invalid") -> OK | AF53: =IF(OR(C53="Graduation",C53="phD",C53="Master",C53="Basic",C53="2n Cycle"),"Valid","Invalid") -> Valid | AG53: =IF(OR(D53="Single",D53="Married",D53="Divorced",D53="Together",D53="Widow",D53="Alone"),"Valid","Invalid") -> Valid | AH53: =IF(AND(ISNUMBER(E53),E53<>""),"Valid","Invalid") -> Valid | AI53: =IF(AND(F53>=0,F53<=2),"Valid","Invalid") -> Valid | AJ53: =IF(AND(G53>=0,G53<=2),"Valid","Invalid") -> Valid | AK53: =IF(AND(ISNUMBER(H53),H53>=DATE(2012,1,1),H53<=DATE(2014,12,31)),"Valid ","Invalid") -> Valid | AL53: =IF(AND(Audit_Data[[#This Row],[Recency]]>=0,Audit_Data[[#This Row],[Recency]]<=100),"Valid","Invalid") -> Valid | AM53: =IF(AND(ISNUMBER(J53),J53>=0,ISNUMBER(K53),K53>=0,ISNUMBER(L53),L53>=0,ISNUMBER(M53),M53>=0,ISNUMBER(N53),N53>=0,ISNUMBER(O53),O53>=0),"Valid","Invalid") -> Valid | AN53: =IF(AND(ISNUMBER(P53),P53>=0,ISNUMBER(Q53),Q53>=0,ISNUMBER(R53),R53>=0,ISNUMBER(S53),S53>=0,ISNUMBER(T53),T53>=0),"Valid","Invalid") -> Valid | AO53: =IF(AND(U53<=1,V53<=1,W53<=1,X53<=1,Y53<=1),"Valid","Invalid") -> Valid | AP53: =IF(OR(Z53=0,Z53=1),"Valid","Invalid") -> Valid | AQ53: =IF(Audit_Data[[#This Row],[Z_CostContact]]=3,"Valid","Invalid") -> Valid | AR53: =IF(AB53=11,"Valid","Invalid") -> Valid | AS53: =IF(OR(AC53=0,AC53=1),"Valid","Invalid") -> Valid
A54: 1331 | B54: 1977 | C54: Graduation | D54: Single | E54: 35790 | F54: 1 | G54: 0 | H54: 41276 | I54: 54 | J54: 12 | K54: 6 | L54: 20 | M54: 30 | N54: 1 | O54: 3 | P54: 2 | Q54: 2 | R54: 0 | S54: 3 | T54: 7 | U54: 0 | V54: 0 | W54: 0 | X54: 0 | Y54: 0 | Z54: 0 | AA54: 3 | AB54: 11 | AC54: 0 | AD54: =IF(COUNTIF(A:A,A54)>1,"Duplicate","Ok") -> Ok | AE54: =IF(AND(Audit_Data[[#This Row],[Year_Birth]]>=1900,Audit_Data[[#This Row],[Year_Birth]]<=2010),"OK","Invalid") -> OK | AF54: =IF(OR(C54="Graduation",C54="phD",C54="Master",C54="Basic",C54="2n Cycle"),"Valid","Invalid") -> Valid | AG54: =IF(OR(D54="Single",D54="Married",D54="Divorced",D54="Together",D54="Widow",D54="Alone"),"Valid","Invalid") -> Valid | AH54: =IF(AND(ISNUMBER(E54),E54<>""),"Valid","Invalid") -> Valid | AI54: =IF(AND(F54>=0,F54<=2),"Valid","Invalid") -> Valid | AJ54: =IF(AND(G54>=0,G54<=2),"Valid","Invalid") -> Valid | AK54: =IF(AND(ISNUMBER(H54),H54>=DATE(2012,1,1),H54<=DATE(2014,12,31)),"Valid ","Invalid") -> Valid | AL54: =IF(AND(Audit_Data[[#This Row],[Recency]]>=0,Audit_Data[[#This Row],[Recency]]<=100),"Valid","Invalid") -> Valid | AM54: =IF(AND(ISNUMBER(J54),J54>=0,ISNUMBER(K54),K54>=0,ISNUMBER(L54),L54>=0,ISNUMBER(M54),M54>=0,ISNUMBER(N54),N54>=0,ISNUMBER(O54),O54>=0),"Valid","Invalid") -> Valid | AN54: =IF(AND(ISNUMBER(P54),P54>=0,ISNUMBER(Q54),Q54>=0,ISNUMBER(R54),R54>=0,ISNUMBER(S54),S54>=0,ISNUMBER(T54),T54>=0),"Valid","Invalid") -> Valid | AO54: =IF(AND(U54<=1,V54<=1,W54<=1,X54<=1,Y54<=1),"Valid","Invalid") -> Valid | AP54: =IF(OR(Z54=0,Z54=1),"Valid","Invalid") -> Valid | AQ54: =IF(Audit_Data[[#This Row],[Z_CostContact]]=3,"Valid","Invalid") -> Valid | AR54: =IF(AB54=11,"Valid","Invalid") -> Valid | AS54: =IF(OR(AC54=0,AC54=1),"Valid","Invalid") -> Valid
A55: 2225 | B55: 1977 | C55: Graduation | D55: Divorced | E55: 82582 | F55: 0 | G55: 0 | H55: 41797 | I55: 54 | J55: 510 | K55: 120 | L55: 550 | M55: 156 | N55: 40 | O55: 241 | P55: 1 | Q55: 4 | R55: 9 | S55: 7 | T55: 1 | U55: 1 | V55: 0 | W55: 0 | X55: 1 | Y55: 0 | Z55: 0 | AA55: 3 | AB55: 11 | AC55: 1 | AD55: =IF(COUNTIF(A:A,A55)>1,"Duplicate","Ok") -> Ok | AE55: =IF(AND(Audit_Data[[#This Row],[Year_Birth]]>=1900,Audit_Data[[#This Row],[Year_Birth]]<=2010),"OK","Invalid") -> OK | AF55: =IF(OR(C55="Graduation",C55="phD",C55="Master",C55="Basic",C55="2n Cycle"),"Valid","Invalid") -> Valid | AG55: =IF(OR(D55="Single",D55="Married",D55="Divorced",D55="Together",D55="Widow",D55="Alone"),"Valid","Invalid") -> Valid | AH55: =IF(AND(ISNUMBER(E55),E55<>""),"Valid","Invalid") -> Valid | AI55: =IF(AND(F55>=0,F55<=2),"Valid","Invalid") -> Valid | AJ55: =IF(AND(G55>=0,G55<=2),"Valid","Invalid") -> Valid | AK55: =IF(AND(ISNUMBER(H55),H55>=DATE(2012,1,1),H55<=DATE(2014,12,31)),"Valid ","Invalid") -> Valid | AL55: =IF(AND(Audit_Data[[#This Row],[Recency]]>=0,Audit_Data[[#This Row],[Recency]]<=100),"Valid","Invalid") -> Valid | AM55: =IF(AND(ISNUMBER(J55),J55>=0,ISNUMBER(K55),K55>=0,ISNUMBER(L55),L55>=0,ISNUMBER(M55),M55>=0,ISNUMBER(N55),N55>=0,ISNUMBER(O55),O55>=0),"Valid","Invalid") -> Valid | AN55: =IF(AND(ISNUMBER(P55),P55>=0,ISNUMBER(Q55),Q55>=0,ISNUMBER(R55),R55>=0,ISNUMBER(S55),S55>=0,ISNUMBER(T55),T55>=0),"Valid","Invalid") -> Valid | AO55: =IF(AND(U55<=1,V55<=1,W55<=1,X55<=1,Y55<=1),"Valid","Invalid") -> Valid | AP55: =IF(OR(Z55=0,Z55=1),"Valid","Invalid") -> Valid | AQ55: =IF(Audit_Data[[#This Row],[Z_CostContact]]=3,"Valid","Invalid") -> Valid | AR55: =IF(AB55=11,"Valid","Invalid") -> Valid | AS55: =IF(OR(AC55=0,AC55=1),"Valid","Invalid") -> Valid
A56: 9381 | B56: 1978 | C56: Graduation | D56: Married | E56: 66373 | F56: 1 | G56: 1 | H56: 41437 | I56: 57 | J56: 328 | K56: 9 | L56: 124 | M56: 12 | N56: 24 | O56: 109 | P56: 7 | Q56: 4 | R56: 2 | S56: 10 | T56: 3 | U56: 0 | V56: 0 | W56: 0 | X56: 0 | Y56: 0 | Z56: 0 | AA56: 3 | AB56: 11 | AC56: 0 | AD56: =IF(COUNTIF(A:A,A56)>1,"Duplicate","Ok") -> Ok | AE56: =IF(AND(Audit_Data[[#This Row],[Year_Birth]]>=1900,Audit_Data[[#This Row],[Year_Birth]]<=2010),"OK","Invalid") -> OK | AF56: =IF(OR(C56="Graduation",C56="phD",C56="Master",C56="Basic",C56="2n Cycle"),"Valid","Invalid") -> Valid | AG56: =IF(OR(D56="Single",D56="Married",D56="Divorced",D56="Together",D56="Widow",D56="Alone"),"Valid","Invalid") -> Valid | AH56: =IF(AND(ISNUMBER(E56),E56<>""),"Valid","Invalid") -> Valid | AI56: =IF(AND(F56>=0,F56<=2),"Valid","Invalid") -> Valid | AJ56: =IF(AND(G56>=0,G56<=2),"Valid","Invalid") -> Valid | AK56: =IF(AND(ISNUMBER(H56),H56>=DATE(2012,1,1),H56<=DATE(2014,12,31)),"Valid ","Invalid") -> Valid | AL56: =IF(AND(Audit_Data[[#This Row],[Recency]]>=0,Audit_Data[[#This Row],[Recency]]<=100),"Valid","Invalid") -> Valid | AM56: =IF(AND(ISNUMBER(J56),J56>=0,ISNUMBER(K56),K56>=0,ISNUMBER(L56),L56>=0,ISNUMBER(M56),M56>=0,ISNUMBER(N56),N56>=0,ISNUMBER(O56),O56>=0),"Valid","Invalid") -> Valid | AN56: =IF(AND(ISNUMBER(P56),P56>=0,ISNUMBER(Q56),Q56>=0,ISNUMBER(R56),R56>=0,ISNUMBER(S56),S56>=0,ISNUMBER(T56),T56>=0),"Valid","Invalid") -> Valid | AO56: =IF(AND(U56<=1,V56<=1,W56<=1,X56<=1,Y56<=1),"Valid","Invalid") -> Valid | AP56: =IF(OR(Z56=0,Z56=1),"Valid","Invalid") -> Valid | AQ56: =IF(Audit_Data[[#This Row],[Z_CostContact]]=3,"Valid","Invalid") -> Valid | AR56: =IF(AB56=11,"Valid","Invalid") -> Valid | AS56: =IF(OR(AC56=0,AC56=1),"Valid","Invalid") -> Valid
A57: 6260 | B57: 1955 | C57: Master | D57: Together | E57: 82384 | F57: 0 | G57: 0 | H57: 41232 | I57: 55 | J57: 984 | K57: 51 | L57: 432 | M57: 180 | N57: 120 | O57: 190 | P57: 1 | Q57: 3 | R57: 10 | S57: 13 | T57: 1 | U57: 0 | V57: 0 | W57: 1 | X57: 0 | Y57: 0 | Z57: 0 | AA57: 3 | AB57: 11 | AC57: 1 | AD57: =IF(COUNTIF(A:A,A57)>1,"Duplicate","Ok") -> Ok | AE57: =IF(AND(Audit_Data[[#This Row],[Year_Birth]]>=1900,Audit_Data[[#This Row],[Year_Birth]]<=2010),"OK","Invalid") -> OK | AF57: =IF(OR(C57="Graduation",C57="phD",C57="Master",C57="Basic",C57="2n Cycle"),"Valid","Invalid") -> Valid | AG57: =IF(OR(D57="Single",D57="Married",D57="Divorced",D57="Together",D57="Widow",D57="Alone"),"Valid","Invalid") -> Valid | AH57: =IF(AND(ISNUMBER(E57),E57<>""),"Valid","Invalid") -> Valid | AI57: =IF(AND(F57>=0,F57<=2),"Valid","Invalid") -> Valid | AJ57: =IF(AND(G57>=0,G57<=2),"Valid","Invalid") -> Valid | AK57: =IF(AND(ISNUMBER(H57),H57>=DATE(2012,1,1),H57<=DATE(2014,12,31)),"Valid ","Invalid") -> Valid | AL57: =IF(AND(Audit_Data[[#This Row],[Recency]]>=0,Audit_Data[[#This Row],[Recency]]<=100),"Valid","Invalid") -> Valid | AM57: =IF(AND(ISNUMBER(J57),J57>=0,ISNUMBER(K57),K57>=0,ISNUMBER(L57),L57>=0,ISNUMBER(M57),M57>=0,ISNUMBER(N57),N57>=0,ISNUMBER(O57),O57>=0),"Valid","Invalid") -> Valid | AN57: =IF(AND(ISNUMBER(P57),P57>=0,ISNUMBER(Q57),Q57>=0,ISNUMBER(R57),R57>=0,ISNUMBER(S57),S57>=0,ISNUMBER(T57),T57>=0),"Valid","Invalid") -> Valid | AO57: =IF(AND(U57<=1,V57<=1,W57<=1,X57<=1,Y57<=1),"Valid","Invalid") -> Valid | AP57: =IF(OR(Z57=0,Z57=1),"Valid","Invalid") -> Valid | AQ57: =IF(Audit_Data[[#This Row],[Z_CostContact]]=3,"Valid","Invalid") -> Valid | AR57: =IF(AB57=11,"Valid","Invalid") -> Valid | AS57: =IF(OR(AC57=0,AC57=1),"Valid","Invalid") -> Valid
A58: 10383 | B58: 1966 | C58: Graduation | D58: Divorced | E58: 70287 | F58: 0 | G58: 0 | H58: 41366 | I58: 30 | J58: 295 | K58: 35 | L58: 482 | M58: 121 | N58: 120 | O58: 40 | P58: 1 | Q58: 5 | R58: 5 | S58: 10 | T58: 3 | U58: 0 | V58: 0 | W58: 0 | X58: 0 | Y58: 0 | Z58: 0 | AA58: 3 | AB58: 11 | AC58: 1 | AD58: =IF(COUNTIF(A:A,A58)>1,"Duplicate","Ok") -> Ok | AE58: =IF(AND(Audit_Data[[#This Row],[Year_Birth]]>=1900,Audit_Data[[#This Row],[Year_Birth]]<=2010),"OK","Invalid") -> OK | AF58: =IF(OR(C58="Graduation",C58="phD",C58="Master",C58="Basic",C58="2n Cycle"),"Valid","Invalid") -> Valid | AG58: =IF(OR(D58="Single",D58="Married",D58="Divorced",D58="Together",D58="Widow",D58="Alone"),"Valid","Invalid") -> Valid | AH58: =IF(AND(ISNUMBER(E58),E58<>""),"Valid","Invalid") -> Valid | AI58: =IF(AND(F58>=0,F58<=2),"Valid","Invalid") -> Valid | AJ58: =IF(AND(G58>=0,G58<=2),"Valid","Invalid") -> Valid | AK58: =IF(AND(ISNUMBER(H58),H58>=DATE(2012,1,1),H58<=DATE(2014,12,31)),"Valid ","Invalid") -> Valid | AL58: =IF(AND(Audit_Data[[#This Row],[Recency]]>=0,Audit_Data[[#This Row],[Recency]]<=100),"Valid","Invalid") -> Valid | AM58: =IF(AND(ISNUMBER(J58),J58>=0,ISNUMBER(K58),K58>=0,ISNUMBER(L58),L58>=0,ISNUMBER(M58),M58>=0,ISNUMBER(N58),N58>=0,ISNUMBER(O58),O58>=0),"Valid","Invalid") -> Valid | AN58: =IF(AND(ISNUMBER(P58),P58>=0,ISNUMBER(Q58),Q58>=0,ISNUMBER(R58),R58>=0,ISNUMBER(S58),S58>=0,ISNUMBER(T58),T58>=0),"Valid","Invalid") -> Valid | AO58: =IF(AND(U58<=1,V58<=1,W58<=1,X58<=1,Y58<=1),"Valid","Invalid") -> Valid | AP58: =IF(OR(Z58=0,Z58=1),"Valid","Invalid") -> Valid | AQ58: =IF(Audit_Data[[#This Row],[Z_CostContact]]=3,"Valid","Invalid") -> Valid | AR58: =IF(AB58=11,"Valid","Invalid") -> Valid | AS58: =IF(OR(AC58=0,AC58=1),"Valid","Invalid") -> Valid
A59: 7437 | B59: 1988 | C59: Graduation | D59: Single | E59: 27938 | F59: 1 | G59: 0 | H59: 41757 | I59: 31 | J59: 13 | K59: 0 | L59: 8 | M59: 2 | N59: 1 | O59: 5 | P59: 1 | Q59: 1 | R59: 0 | S59: 4 | T59: 3 | U59: 0 | V59: 0 | W59: 0 | X59: 0 | Y59: 0 | Z59: 0 | AA59: 3 | AB59: 11 | AC59: 0 | AD59: =IF(COUNTIF(A:A,A59)>1,"Duplicate","Ok") -> Ok | AE59: =IF(AND(Audit_Data[[#This Row],[Year_Birth]]>=1900,Audit_Data[[#This Row],[Year_Birth]]<=2010),"OK","Invalid") -> OK | AF59: =IF(OR(C59="Graduation",C59="phD",C59="Master",C59="Basic",C59="2n Cycle"),"Valid","Invalid") -> Valid | AG59: =IF(OR(D59="Single",D59="Married",D59="Divorced",D59="Together",D59="Widow",D59="Alone"),"Valid","Invalid") -> Valid | AH59: =IF(AND(ISNUMBER(E59),E59<>""),"Valid","Invalid") -> Valid | AI59: =IF(AND(F59>=0,F59<=2),"Valid","Invalid") -> Valid | AJ59: =IF(AND(G59>=0,G59<=2),"Valid","Invalid") -> Valid | AK59: =IF(AND(ISNUMBER(H59),H59>=DATE(2012,1,1),H59<=DATE(2014,12,31)),"Valid ","Invalid") -> Valid | AL59: =IF(AND(Audit_Data[[#This Row],[Recency]]>=0,Audit_Data[[#This Row],[Recency]]<=100),"Valid","Invalid") -> Valid | AM59: =IF(AND(ISNUMBER(J59),J59>=0,ISNUMBER(K59),K59>=0,ISNUMBER(L59),L59>=0,ISNUMBER(M59),M59>=0,ISNUMBER(N59),N59>=0,ISNUMBER(O59),O59>=0),"Valid","Invalid") -> Valid | AN59: =IF(AND(ISNUMBER(P59),P59>=0,ISNUMBER(Q59),Q59>=0,ISNUMBER(R59),R59>=0,ISNUMBER(S59),S59>=0,ISNUMBER(T59),T59>=0),"Valid","Invalid") -> Valid | AO59: =IF(AND(U59<=1,V59<=1,W59<=1,X59<=1,Y59<=1),"Valid","Invalid") -> Valid | AP59: =IF(OR(Z59=0,Z59=1),"Valid","Invalid") -> Valid | AQ59: =IF(Audit_Data[[#This Row],[Z_CostContact]]=3,"Valid","Invalid") -> Valid | AR59: =IF(AB59=11,"Valid","Invalid") -> Valid | AS59: =IF(OR(AC59=0,AC59=1),"Valid","Invalid") -> Valid
A60: 8557 | B60: 1982 | C60: Graduation | D60: Single | F60: 1 | G60: 0 | H60: 41442 | I60: 57 | J60: 11 | K60: 3 | L60: 22 | M60: 2 | N60: 2 | O60: 6 | P60: 2 | Q60: 2 | R60: 0 | S60: 3 | T60: 6 | U60: 0 | V60: 0 | W60: 0 | X60: 0 | Y60: 0 | Z60: 0 | AA60: 3 | AB60: 11 | AC60: 0 | AD60: =IF(COUNTIF(A:A,A60)>1,"Duplicate","Ok") -> Ok | AE60: =IF(AND(Audit_Data[[#This Row],[Year_Birth]]>=1900,Audit_Data[[#This Row],[Year_Birth]]<=2010),"OK","Invalid") -> OK | AF60: =IF(OR(C60="Graduation",C60="phD",C60="Master",C60="Basic",C60="2n Cycle"),"Valid","Invalid") -> Valid | AG60: =IF(OR(D60="Single",D60="Married",D60="Divorced",D60="Together",D60="Widow",D60="Alone"),"Valid","Invalid") -> Valid | AH60: =IF(AND(ISNUMBER(E60),E60<>""),"Valid","Invalid") -> Invalid | AI60: =IF(AND(F60>=0,F60<=2),"Valid","Invalid") -> Valid | AJ60: =IF(AND(G60>=0,G60<=2),"Valid","Invalid") -> Valid | AK60: =IF(AND(ISNUMBER(H60),H60>=DATE(2012,1,1),H60<=DATE(2014,12,31)),"Valid ","Invalid") -> Valid | AL60: =IF(AND(Audit_Data[[#This Row],[Recency]]>=0,Audit_Data[[#This Row],[Recency]]<=100),"Valid","Invalid") -> Valid | AM60: =IF(AND(ISNUMBER(J60),J60>=0,ISNUMBER(K60),K60>=0,ISNUMBER(L60),L60>=0,ISNUMBER(M60),M60>=0,ISNUMBER(N60),N60>=0,ISNUMBER(O60),O60>=0),"Valid","Invalid") -> Valid | AN60: =IF(AND(ISNUMBER(P60),P60>=0,ISNUMBER(Q60),Q60>=0,ISNUMBER(R60),R60>=0,ISNUMBER(S60),S60>=0,ISNUMBER(T60),T60>=0),"Valid","Invalid") -> Valid | AO60: =IF(AND(U60<=1,V60<=1,W60<=1,X60<=1,Y60<=1),"Valid","Invalid") -> Valid | AP60: =IF(OR(Z60=0,Z60=1),"Valid","Invalid") -> Valid | AQ60: =IF(Audit_Data[[#This Row],[Z_CostContact]]=3,"Valid","Invalid") -> Valid | AR60: =IF(AB60=11,"Valid","Invalid") -> Valid | AS60: =IF(OR(AC60=0,AC60=1),"Valid","Invalid") -> Valid
A61: 8375 | B61: 1968 | C61: PhD | D61: Married | E61: 55954 | F61: 0 | G61: 1 | H61: 41701 | I61: 63 | J61: 447 | K61: 0 | L61: 28 | M61: 0 | N61: 0 | O61: 43 | P61: 3 | Q61: 8 | R61: 2 | S61: 6 | T61: 7 | U61: 0 | V61: 0 | W61: 0 | X61: 0 | Y61: 0 | Z61: 0 | AA61: 3 | AB61: 11 | AC61: 0 | AD61: =IF(COUNTIF(A:A,A61)>1,"Duplicate","Ok") -> Ok | AE61: =IF(AND(Audit_Data[[#This Row],[Year_Birth]]>=1900,Audit_Data[[#This Row],[Year_Birth]]<=2010),"OK","Invalid") -> OK | AF61: =IF(OR(C61="Graduation",C61="phD",C61="Master",C61="Basic",C61="2n Cycle"),"Valid","Invalid") -> Valid | AG61: =IF(OR(D61="Single",D61="Married",D61="Divorced",D61="Together",D61="Widow",D61="Alone"),"Valid","Invalid") -> Valid | AH61: =IF(AND(ISNUMBER(E61),E61<>""),"Valid","Invalid") -> Valid | AI61: =IF(AND(F61>=0,F61<=2),"Valid","Invalid") -> Valid | AJ61: =IF(AND(G61>=0,G61<=2),"Valid","Invalid") -> Valid | AK61: =IF(AND(ISNUMBER(H61),H61>=DATE(2012,1,1),H61<=DATE(2014,12,31)),"Valid ","Invalid") -> Valid | AL61: =IF(AND(Audit_Data[[#This Row],[Recency]]>=0,Audit_Data[[#This Row],[Recency]]<=100),"Valid","Invalid") -> Valid | AM61: =IF(AND(ISNUMBER(J61),J61>=0,ISNUMBER(K61),K61>=0,ISNUMBER(L61),L61>=0,ISNUMBER(M61),M61>=0,ISNUMBER(N61),N61>=0,ISNUMBER(O61),O61>=0),"Valid","Invalid") -> Valid | AN61: =IF(AND(ISNUMBER(P61),P61>=0,ISNUMBER(Q61),Q61>=0,ISNUMBER(R61),R61>=0,ISNUMBER(S61),S61>=0,ISNUMBER(T61),T61>=0),"Valid","Invalid") -> Valid | AO61: =IF(AND(U61<=1,V61<=1,W61<=1,X61<=1,Y61<=1),"Valid","Invalid") -> Valid | AP61: =IF(OR(Z61=0,Z61=1),"Valid","Invalid") -> Valid | AQ61: =IF(Audit_Data[[#This Row],[Z_CostContact]]=3,"Valid","Invalid") -> Valid | AR61: =IF(AB61=11,"Valid","Invalid") -> Valid | AS61: =IF(OR(AC61=0,AC61=1),"Valid","Invalid") -> Valid
A62: 6853 | B62: 1982 | C62: Master | D62: Single | E62: 75777 | F62: 0 | G62: 0 | H62: 41459 | I62: 12 | J62: 712 | K62: 26 | L62: 538 | M62: 69 | N62: 13 | O62: 80 | P62: 1 | Q62: 3 | R62: 6 | S62: 11 | T62: 1 | U62: 0 | V62: 1 | W62: 1 | X62: 0 | Y62: 0 | Z62: 0 | AA62: 3 | AB62: 11 | AC62: 1 | AD62: =IF(COUNTIF(A:A,A62)>1,"Duplicate","Ok") -> Ok | AE62: =IF(AND(Audit_Data[[#This Row],[Year_Birth]]>=1900,Audit_Data[[#This Row],[Year_Birth]]<=2010),"OK","Invalid") -> OK | AF62: =IF(OR(C62="Graduation",C62="phD",C62="Master",C62="Basic",C62="2n Cycle"),"Valid","Invalid") -> Valid | AG62: =IF(OR(D62="Single",D62="Married",D62="Divorced",D62="Together",D62="Widow",D62="Alone"),"Valid","Invalid") -> Valid | AH62: =IF(AND(ISNUMBER(E62),E62<>""),"Valid","Invalid") -> Valid | AI62: =IF(AND(F62>=0,F62<=2),"Valid","Invalid") -> Valid | AJ62: =IF(AND(G62>=0,G62<=2),"Valid","Invalid") -> Valid | AK62: =IF(AND(ISNUMBER(H62),H62>=DATE(2012,1,1),H62<=DATE(2014,12,31)),"Valid ","Invalid") -> Valid | AL62: =IF(AND(Audit_Data[[#This Row],[Recency]]>=0,Audit_Data[[#This Row],[Recency]]<=100),"Valid","Invalid") -> Valid | AM62: =IF(AND(ISNUMBER(J62),J62>=0,ISNUMBER(K62),K62>=0,ISNUMBER(L62),L62>=0,ISNUMBER(M62),M62>=0,ISNUMBER(N62),N62>=0,ISNUMBER(O62),O62>=0),"Valid","Invalid") -> Valid | AN62: =IF(AND(ISNUMBER(P62),P62>=0,ISNUMBER(Q62),Q62>=0,ISNUMBER(R62),R62>=0,ISNUMBER(S62),S62>=0,ISNUMBER(T62),T62>=0),"Valid","Invalid") -> Valid | AO62: =IF(AND(U62<=1,V62<=1,W62<=1,X62<=1,Y62<=1),"Valid","Invalid") -> Valid | AP62: =IF(OR(Z62=0,Z62=1),"Valid","Invalid") -> Valid | AQ62: =IF(Audit_Data[[#This Row],[Z_CostContact]]=3,"Valid","Invalid") -> Valid | AR62: =IF(AB62=11,"Valid","Invalid") -> Valid | AS62: =IF(OR(AC62=0,AC62=1),"Valid","Invalid") -> Valid
A63: 3076 | B63: 1975 | C63: Graduation | D63: Together | E63: 66653 | F63: 1 | G63: 1 | H63: 41159 | I63: 18 | J63: 452 | K63: 18 | L63: 102 | M63: 16 | N63: 18 | O63: 6 | P63: 4 | Q63: 4 | R63: 2 | S63: 12 | T63: 3 | U63: 0 | V63: 0 | W63: 0 | X63: 0 | Y63: 0 | Z63: 0 | AA63: 3 | AB63: 11 | AC63: 0 | AD63: =IF(COUNTIF(A:A,A63)>1,"Duplicate","Ok") -> Ok | AE63: =IF(AND(Audit_Data[[#This Row],[Year_Birth]]>=1900,Audit_Data[[#This Row],[Year_Birth]]<=2010),"OK","Invalid") -> OK | AF63: =IF(OR(C63="Graduation",C63="phD",C63="Master",C63="Basic",C63="2n Cycle"),"Valid","Invalid") -> Valid | AG63: =IF(OR(D63="Single",D63="Married",D63="Divorced",D63="Together",D63="Widow",D63="Alone"),"Valid","Invalid") -> Valid | AH63: =IF(AND(ISNUMBER(E63),E63<>""),"Valid","Invalid") -> Valid | AI63: =IF(AND(F63>=0,F63<=2),"Valid","Invalid") -> Valid | AJ63: =IF(AND(G63>=0,G63<=2),"Valid","Invalid") -> Valid | AK63: =IF(AND(ISNUMBER(H63),H63>=DATE(2012,1,1),H63<=DATE(2014,12,31)),"Valid ","Invalid") -> Valid | AL63: =IF(AND(Audit_Data[[#This Row],[Recency]]>=0,Audit_Data[[#This Row],[Recency]]<=100),"Valid","Invalid") -> Valid | AM63: =IF(AND(ISNUMBER(J63),J63>=0,ISNUMBER(K63),K63>=0,ISNUMBER(L63),L63>=0,ISNUMBER(M63),M63>=0,ISNUMBER(N63),N63>=0,ISNUMBER(O63),O63>=0),"Valid","Invalid") -> Valid | AN63: =IF(AND(ISNUMBER(P63),P63>=0,ISNUMBER(Q63),Q63>=0,ISNUMBER(R63),R63>=0,ISNUMBER(S63),S63>=0,ISNUMBER(T63),T63>=0),"Valid","Invalid") -> Valid | AO63: =IF(AND(U63<=1,V63<=1,W63<=1,X63<=1,Y63<=1),"Valid","Invalid") -> Valid | AP63: =IF(OR(Z63=0,Z63=1),"Valid","Invalid") -> Valid | AQ63: =IF(Audit_Data[[#This Row],[Z_CostContact]]=3,"Valid","Invalid") -> Valid | AR63: =IF(AB63=11,"Valid","Invalid") -> Valid | AS63: =IF(OR(AC63=0,AC63=1),"Valid","Invalid") -> Valid
A64: 1012 | B64: 1952 | C64: Graduation | D64: Single | E64: 61823 | F64: 0 | G64: 1 | H64: 41323 | I64: 26 | J64: 523 | K64: 7 | L64: 134 | M64: 37 | N64: 14 | O64: 169 | P64: 4 | Q64: 8 | R64: 2 | S64: 10 | T64: 7 | U64: 0 | V64: 0 | W64: 0 | X64: 0 | Y64: 0 | Z64: 0 | AA64: 3 | AB64: 11 | AC64: 0 | AD64: =IF(COUNTIF(A:A,A64)>1,"Duplicate","Ok") -> Ok | AE64: =IF(AND(Audit_Data[[#This Row],[Year_Birth]]>=1900,Audit_Data[[#This Row],[Year_Birth]]<=2010),"OK","Invalid") -> OK | AF64: =IF(OR(C64="Graduation",C64="phD",C64="Master",C64="Basic",C64="2n Cycle"),"Valid","Invalid") -> Valid | AG64: =IF(OR(D64="Single",D64="Married",D64="Divorced",D64="Together",D64="Widow",D64="Alone"),"Valid","Invalid") -> Valid | AH64: =IF(AND(ISNUMBER(E64),E64<>""),"Valid","Invalid") -> Valid | AI64: =IF(AND(F64>=0,F64<=2),"Valid","Invalid") -> Valid | AJ64: =IF(AND(G64>=0,G64<=2),"Valid","Invalid") -> Valid | AK64: =IF(AND(ISNUMBER(H64),H64>=DATE(2012,1,1),H64<=DATE(2014,12,31)),"Valid ","Invalid") -> Valid | AL64: =IF(AND(Audit_Data[[#This Row],[Recency]]>=0,Audit_Data[[#This Row],[Recency]]<=100),"Valid","Invalid") -> Valid | AM64: =IF(AND(ISNUMBER(J64),J64>=0,ISNUMBER(K64),K64>=0,ISNUMBER(L64),L64>=0,ISNUMBER(M64),M64>=0,ISNUMBER(N64),N64>=0,ISNUMBER(O64),O64>=0),"Valid","Invalid") -> Valid | AN64: =IF(AND(ISNUMBER(P64),P64>=0,ISNUMBER(Q64),Q64>=0,ISNUMBER(R64),R64>=0,ISNUMBER(S64),S64>=0,ISNUMBER(T64),T64>=0),"Valid","Invalid") -> Valid | AO64: =IF(AND(U64<=1,V64<=1,W64<=1,X64<=1,Y64<=1),"Valid","Invalid") -> Valid | AP64: =IF(OR(Z64=0,Z64=1),"Valid","Invalid") -> Valid | AQ64: =IF(Audit_Data[[#This Row],[Z_CostContact]]=3,"Valid","Invalid") -> Valid | AR64: =IF(AB64=11,"Valid","Invalid") -> Valid | AS64: =IF(OR(AC64=0,AC64=1),"Valid","Invalid") -> Valid
A65: 6518 | B65: 1951 | C65: PhD | D65: Widow | E65: 67680 | F65: 0 | G65: 1 | H65: 41436 | I65: 8 | J65: 546 | K65: 0 | L65: 48 | M65: 0 | N65: 6 | O65: 6 | P65: 1 | Q65: 7 | R65: 3 | S65: 8 | T65: 5 | U65: 0 | V65: 0 | W65: 0 | X65: 0 | Y65: 0 | Z65: 0 | AA65: 3 | AB65: 11 | AC65: 0 | AD65: =IF(COUNTIF(A:A,A65)>1,"Duplicate","Ok") -> Ok | AE65: =IF(AND(Audit_Data[[#This Row],[Year_Birth]]>=1900,Audit_Data[[#This Row],[Year_Birth]]<=2010),"OK","Invalid") -> OK | AF65: =IF(OR(C65="Graduation",C65="phD",C65="Master",C65="Basic",C65="2n Cycle"),"Valid","Invalid") -> Valid | AG65: =IF(OR(D65="Single",D65="Married",D65="Divorced",D65="Together",D65="Widow",D65="Alone"),"Valid","Invalid") -> Valid | AH65: =IF(AND(ISNUMBER(E65),E65<>""),"Valid","Invalid") -> Valid | AI65: =IF(AND(F65>=0,F65<=2),"Valid","Invalid") -> Valid | AJ65: =IF(AND(G65>=0,G65<=2),"Valid","Invalid") -> Valid | AK65: =IF(AND(ISNUMBER(H65),H65>=DATE(2012,1,1),H65<=DATE(2014,12,31)),"Valid ","Invalid") -> Valid | AL65: =IF(AND(Audit_Data[[#This Row],[Recency]]>=0,Audit_Data[[#This Row],[Recency]]<=100),"Valid","Invalid") -> Valid | AM65: =IF(AND(ISNUMBER(J65),J65>=0,ISNUMBER(K65),K65>=0,ISNUMBER(L65),L65>=0,ISNUMBER(M65),M65>=0,ISNUMBER(N65),N65>=0,ISNUMBER(O65),O65>=0),"Valid","Invalid") -> Valid | AN65: =IF(AND(ISNUMBER(P65),P65>=0,ISNUMBER(Q65),Q65>=0,ISNUMBER(R65),R65>=0,ISNUMBER(S65),S65>=0,ISNUMBER(T65),T65>=0),"Valid","Invalid") -> Valid | AO65: =IF(AND(U65<=1,V65<=1,W65<=1,X65<=1,Y65<=1),"Valid","Invalid") -> Valid | AP65: =IF(OR(Z65=0,Z65=1),"Valid","Invalid") -> Valid | AQ65: =IF(Audit_Data[[#This Row],[Z_CostContact]]=3,"Valid","Invalid") -> Valid | AR65: =IF(AB65=11,"Valid","Invalid") -> Valid | AS65: =IF(OR(AC65=0,AC65=1),"Valid","Invalid") -> Valid
A66: 4137 | B66: 1948 | C66: Graduation | D66: Together | E66: 70666 | F66: 0 | G66: 0 | H66: 41614 | I66: 29 | J66: 398 | K66: 40 | L66: 367 | M66: 119 | N66: 122 | O66: 30 | P66: 1 | Q66: 7 | R66: 4 | S66: 4 | T66: 4 | U66: 0 | V66: 0 | W66: 0 | X66: 0 | Y66: 0 | Z66: 0 | AA66: 3 | AB66: 11 | AC66: 0 | AD66: =IF(COUNTIF(A:A,A66)>1,"Duplicate","Ok") -> Ok | AE66: =IF(AND(Audit_Data[[#This Row],[Year_Birth]]>=1900,Audit_Data[[#This Row],[Year_Birth]]<=2010),"OK","Invalid") -> OK | AF66: =IF(OR(C66="Graduation",C66="phD",C66="Master",C66="Basic",C66="2n Cycle"),"Valid","Invalid") -> Valid | AG66: =IF(OR(D66="Single",D66="Married",D66="Divorced",D66="Together",D66="Widow",D66="Alone"),"Valid","Invalid") -> Valid | AH66: =IF(AND(ISNUMBER(E66),E66<>""),"Valid","Invalid") -> Valid | AI66: =IF(AND(F66>=0,F66<=2),"Valid","Invalid") -> Valid | AJ66: =IF(AND(G66>=0,G66<=2),"Valid","Invalid") -> Valid | AK66: =IF(AND(ISNUMBER(H66),H66>=DATE(2012,1,1),H66<=DATE(2014,12,31)),"Valid ","Invalid") -> Valid | AL66: =IF(AND(Audit_Data[[#This Row],[Recency]]>=0,Audit_Data[[#This Row],[Recency]]<=100),"Valid","Invalid") -> Valid | AM66: =IF(AND(ISNUMBER(J66),J66>=0,ISNUMBER(K66),K66>=0,ISNUMBER(L66),L66>=0,ISNUMBER(M66),M66>=0,ISNUMBER(N66),N66>=0,ISNUMBER(O66),O66>=0),"Valid","Invalid") -> Valid | AN66: =IF(AND(ISNUMBER(P66),P66>=0,ISNUMBER(Q66),Q66>=0,ISNUMBER(R66),R66>=0,ISNUMBER(S66),S66>=0,ISNUMBER(T66),T66>=0),"Valid","Invalid") -> Valid | AO66: =IF(AND(U66<=1,V66<=1,W66<=1,X66<=1,Y66<=1),"Valid","Invalid") -> Valid | AP66: =IF(OR(Z66=0,Z66=1),"Valid","Invalid") -> Valid | AQ66: =IF(Audit_Data[[#This Row],[Z_CostContact]]=3,"Valid","Invalid") -> Valid | AR66: =IF(AB66=11,"Valid","Invalid") -> Valid | AS66: =IF(OR(AC66=0,AC66=1),"Valid","Invalid") -> Valid
A67: 8082 | B67: 1971 | C67: Graduation | D67: Married | E67: 25721 | F67: 1 | G67: 0 | H67: 41415 | I67: 75 | J67: 1 | K67: 3 | L67: 6 | M67: 3 | N67: 6 | O67: 15 | P67: 1 | Q67: 1 | R67: 1 | S67: 2 | T67: 7 | U67: 0 | V67: 0 | W67: 0 | X67: 0 | Y67: 0 | Z67: 0 | AA67: 3 | AB67: 11 | AC67: 1 | AD67: =IF(COUNTIF(A:A,A67)>1,"Duplicate","Ok") -> Ok | AE67: =IF(AND(Audit_Data[[#This Row],[Year_Birth]]>=1900,Audit_Data[[#This Row],[Year_Birth]]<=2010),"OK","Invalid") -> OK | AF67: =IF(OR(C67="Graduation",C67="phD",C67="Master",C67="Basic",C67="2n Cycle"),"Valid","Invalid") -> Valid | AG67: =IF(OR(D67="Single",D67="Married",D67="Divorced",D67="Together",D67="Widow",D67="Alone"),"Valid","Invalid") -> Valid | AH67: =IF(AND(ISNUMBER(E67),E67<>""),"Valid","Invalid") -> Valid | AI67: =IF(AND(F67>=0,F67<=2),"Valid","Invalid") -> Valid | AJ67: =IF(AND(G67>=0,G67<=2),"Valid","Invalid") -> Valid | AK67: =IF(AND(ISNUMBER(H67),H67>=DATE(2012,1,1),H67<=DATE(2014,12,31)),"Valid ","Invalid") -> Valid | AL67: =IF(AND(Audit_Data[[#This Row],[Recency]]>=0,Audit_Data[[#This Row],[Recency]]<=100),"Valid","Invalid") -> Valid | AM67: =IF(AND(ISNUMBER(J67),J67>=0,ISNUMBER(K67),K67>=0,ISNUMBER(L67),L67>=0,ISNUMBER(M67),M67>=0,ISNUMBER(N67),N67>=0,ISNUMBER(O67),O67>=0),"Valid","Invalid") -> Valid | AN67: =IF(AND(ISNUMBER(P67),P67>=0,ISNUMBER(Q67),Q67>=0,ISNUMBER(R67),R67>=0,ISNUMBER(S67),S67>=0,ISNUMBER(T67),T67>=0),"Valid","Invalid") -> Valid | AO67: =IF(AND(U67<=1,V67<=1,W67<=1,X67<=1,Y67<=1),"Valid","Invalid") -> Valid | AP67: =IF(OR(Z67=0,Z67=1),"Valid","Invalid") -> Valid | AQ67: =IF(Audit_Data[[#This Row],[Z_CostContact]]=3,"Valid","Invalid") -> Valid | AR67: =IF(AB67=11,"Valid","Invalid") -> Valid | AS67: =IF(OR(AC67=0,AC67=1),"Valid","Invalid") -> Valid
A68: 1386 | B68: 1967 | C68: Graduation | D68: Together | E68: 32474 | F68: 1 | G68: 1 | H68: 41770 | I68: 0 | J68: 10 | K68: 0 | L68: 1 | M68: 0 | N68: 0 | O68: 0 | P68: 1 | Q68: 1 | R68: 0 | S68: 2 | T68: 7 | U68: 0 | V68: 0 | W68: 0 | X68: 0 | Y68: 0 | Z68: 0 | AA68: 3 | AB68: 11 | AC68: 0 | AD68: =IF(COUNTIF(A:A,A68)>1,"Duplicate","Ok") -> Ok | AE68: =IF(AND(Audit_Data[[#This Row],[Year_Birth]]>=1900,Audit_Data[[#This Row],[Year_Birth]]<=2010),"OK","Invalid") -> OK | AF68: =IF(OR(C68="Graduation",C68="phD",C68="Master",C68="Basic",C68="2n Cycle"),"Valid","Invalid") -> Valid | AG68: =IF(OR(D68="Single",D68="Married",D68="Divorced",D68="Together",D68="Widow",D68="Alone"),"Valid","Invalid") -> Valid | AH68: =IF(AND(ISNUMBER(E68),E68<>""),"Valid","Invalid") -> Valid | AI68: =IF(AND(F68>=0,F68<=2),"Valid","Invalid") -> Valid | AJ68: =IF(AND(G68>=0,G68<=2),"Valid","Invalid") -> Valid | AK68: =IF(AND(ISNUMBER(H68),H68>=DATE(2012,1,1),H68<=DATE(2014,12,31)),"Valid ","Invalid") -> Valid | AL68: =IF(AND(Audit_Data[[#This Row],[Recency]]>=0,Audit_Data[[#This Row],[Recency]]<=100),"Valid","Invalid") -> Valid | AM68: =IF(AND(ISNUMBER(J68),J68>=0,ISNUMBER(K68),K68>=0,ISNUMBER(L68),L68>=0,ISNUMBER(M68),M68>=0,ISNUMBER(N68),N68>=0,ISNUMBER(O68),O68>=0),"Valid","Invalid") -> Valid | AN68: =IF(AND(ISNUMBER(P68),P68>=0,ISNUMBER(Q68),Q68>=0,ISNUMBER(R68),R68>=0,ISNUMBER(S68),S68>=0,ISNUMBER(T68),T68>=0),"Valid","Invalid") -> Valid | AO68: =IF(AND(U68<=1,V68<=1,W68<=1,X68<=1,Y68<=1),"Valid","Invalid") -> Valid | AP68: =IF(OR(Z68=0,Z68=1),"Valid","Invalid") -> Valid | AQ68: =IF(Audit_Data[[#This Row],[Z_CostContact]]=3,"Valid","Invalid") -> Valid | AR68: =IF(AB68=11,"Valid","Invalid") -> Valid | AS68: =IF(OR(AC68=0,AC68=1),"Valid","Invalid") -> Valid
A69: 9369 | B69: 1979 | C69: 2n Cycle | D69: Single | E69: 88194 | F69: 0 | G69: 1 | H69: 41717 | I69: 19 | J69: 688 | K69: 14 | L69: 309 | M69: 201 | N69: 24 | O69: 38 | P69: 1 | Q69: 11 | R69: 10 | S69: 10 | T69: 5 | U69: 1 | V69: 0 | W69: 0 | X69: 1 | Y69: 0 | Z69: 0 | AA69: 3 | AB69: 11 | AC69: 1 | AD69: =IF(COUNTIF(A:A,A69)>1,"Duplicate","Ok") -> Ok | AE69: =IF(AND(Audit_Data[[#This Row],[Year_Birth]]>=1900,Audit_Data[[#This Row],[Year_Birth]]<=2010),"OK","Invalid") -> OK | AF69: =IF(OR(C69="Graduation",C69="phD",C69="Master",C69="Basic",C69="2n Cycle"),"Valid","Invalid") -> Valid | AG69: =IF(OR(D69="Single",D69="Married",D69="Divorced",D69="Together",D69="Widow",D69="Alone"),"Valid","Invalid") -> Valid | AH69: =IF(AND(ISNUMBER(E69),E69<>""),"Valid","Invalid") -> Valid | AI69: =IF(AND(F69>=0,F69<=2),"Valid","Invalid") -> Valid | AJ69: =IF(AND(G69>=0,G69<=2),"Valid","Invalid") -> Valid | AK69: =IF(AND(ISNUMBER(H69),H69>=DATE(2012,1,1),H69<=DATE(2014,12,31)),"Valid ","Invalid") -> Valid | AL69: =IF(AND(Audit_Data[[#This Row],[Recency]]>=0,Audit_Data[[#This Row],[Recency]]<=100),"Valid","Invalid") -> Valid | AM69: =IF(AND(ISNUMBER(J69),J69>=0,ISNUMBER(K69),K69>=0,ISNUMBER(L69),L69>=0,ISNUMBER(M69),M69>=0,ISNUMBER(N69),N69>=0,ISNUMBER(O69),O69>=0),"Valid","Invalid") -> Valid | AN69: =IF(AND(ISNUMBER(P69),P69>=0,ISNUMBER(Q69),Q69>=0,ISNUMBER(R69),R69>=0,ISNUMBER(S69),S69>=0,ISNUMBER(T69),T69>=0),"Valid","Invalid") -> Valid | AO69: =IF(AND(U69<=1,V69<=1,W69<=1,X69<=1,Y69<=1),"Valid","Invalid") -> Valid | AP69: =IF(OR(Z69=0,Z69=1),"Valid","Invalid") -> Valid | AQ69: =IF(Audit_Data[[#This Row],[Z_CostContact]]=3,"Valid","Invalid") -> Valid | AR69: =IF(AB69=11,"Valid","Invalid") -> Valid | AS69: =IF(OR(AC69=0,AC69=1),"Valid","Invalid") -> Valid
A70: 4477 | B70: 1958 | C70: Graduation | D70: Together | E70: 69096 | F70: 0 | G70: 1 | H70: 41544 | I70: 4 | J70: 247 | K70: 49 | L70: 159 | M70: 7 | N70: 82 | O70: 109 | P70: 1 | Q70: 5 | R70: 2 | S70: 10 | T70: 4 | U70: 0 | V70: 0 | W70: 0 | X70: 0 | Y70: 0 | Z70: 0 | AA70: 3 | AB70: 11 | AC70: 0 | AD70: =IF(COUNTIF(A:A,A70)>1,"Duplicate","Ok") -> Ok | AE70: =IF(AND(Audit_Data[[#This Row],[Year_Birth]]>=1900,Audit_Data[[#This Row],[Year_Birth]]<=2010),"OK","Invalid") -> OK | AF70: =IF(OR(C70="Graduation",C70="phD",C70="Master",C70="Basic",C70="2n Cycle"),"Valid","Invalid") -> Valid | AG70: =IF(OR(D70="Single",D70="Married",D70="Divorced",D70="Together",D70="Widow",D70="Alone"),"Valid","Invalid") -> Valid | AH70: =IF(AND(ISNUMBER(E70),E70<>""),"Valid","Invalid") -> Valid | AI70: =IF(AND(F70>=0,F70<=2),"Valid","Invalid") -> Valid | AJ70: =IF(AND(G70>=0,G70<=2),"Valid","Invalid") -> Valid | AK70: =IF(AND(ISNUMBER(H70),H70>=DATE(2012,1,1),H70<=DATE(2014,12,31)),"Valid ","Invalid") -> Valid | AL70: =IF(AND(Audit_Data[[#This Row],[Recency]]>=0,Audit_Data[[#This Row],[Recency]]<=100),"Valid","Invalid") -> Valid | AM70: =IF(AND(ISNUMBER(J70),J70>=0,ISNUMBER(K70),K70>=0,ISNUMBER(L70),L70>=0,ISNUMBER(M70),M70>=0,ISNUMBER(N70),N70>=0,ISNUMBER(O70),O70>=0),"Valid","Invalid") -> Valid | AN70: =IF(AND(ISNUMBER(P70),P70>=0,ISNUMBER(Q70),Q70>=0,ISNUMBER(R70),R70>=0,ISNUMBER(S70),S70>=0,ISNUMBER(T70),T70>=0),"Valid","Invalid") -> Valid | AO70: =IF(AND(U70<=1,V70<=1,W70<=1,X70<=1,Y70<=1),"Valid","Invalid") -> Valid | AP70: =IF(OR(Z70=0,Z70=1),"Valid","Invalid") -> Valid | AQ70: =IF(Audit_Data[[#This Row],[Z_CostContact]]=3,"Valid","Invalid") -> Valid | AR70: =IF(AB70=11,"Valid","Invalid") -> Valid | AS70: =IF(OR(AC70=0,AC70=1),"Valid","Invalid") -> Valid
A71: 1357 | B71: 1970 | C71: Graduation | D71: Together | E71: 74854 | F71: 1 | G71: 2 | H71: 41372 | I71: 90 | J71: 856 | K71: 59 | L71: 487 | M71: 58 | N71: 29 | O71: 73 | P71: 7 | Q71: 2 | R71: 5 | S71: 5 | T71: 5 | U71: 0 | V71: 0 | W71: 0 | X71: 0 | Y71: 0 | Z71: 0 | AA71: 3 | AB71: 11 | AC71: 0 | AD71: =IF(COUNTIF(A:A,A71)>1,"Duplicate","Ok") -> Ok | AE71: =IF(AND(Audit_Data[[#This Row],[Year_Birth]]>=1900,Audit_Data[[#This Row],[Year_Birth]]<=2010),"OK","Invalid") -> OK | AF71: =IF(OR(C71="Graduation",C71="phD",C71="Master",C71="Basic",C71="2n Cycle"),"Valid","Invalid") -> Valid | AG71: =IF(OR(D71="Single",D71="Married",D71="Divorced",D71="Together",D71="Widow",D71="Alone"),"Valid","Invalid") -> Valid | AH71: =IF(AND(ISNUMBER(E71),E71<>""),"Valid","Invalid") -> Valid | AI71: =IF(AND(F71>=0,F71<=2),"Valid","Invalid") -> Valid | AJ71: =IF(AND(G71>=0,G71<=2),"Valid","Invalid") -> Valid | AK71: =IF(AND(ISNUMBER(H71),H71>=DATE(2012,1,1),H71<=DATE(2014,12,31)),"Valid ","Invalid") -> Valid | AL71: =IF(AND(Audit_Data[[#This Row],[Recency]]>=0,Audit_Data[[#This Row],[Recency]]<=100),"Valid","Invalid") -> Valid | AM71: =IF(AND(ISNUMBER(J71),J71>=0,ISNUMBER(K71),K71>=0,ISNUMBER(L71),L71>=0,ISNUMBER(M71),M71>=0,ISNUMBER(N71),N71>=0,ISNUMBER(O71),O71>=0),"Valid","Invalid") -> Valid | AN71: =IF(AND(ISNUMBER(P71),P71>=0,ISNUMBER(Q71),Q71>=0,ISNUMBER(R71),R71>=0,ISNUMBER(S71),S71>=0,ISNUMBER(T71),T71>=0),"Valid","Invalid") -> Valid | AO71: =IF(AND(U71<=1,V71<=1,W71<=1,X71<=1,Y71<=1),"Valid","Invalid") -> Valid | AP71: =IF(OR(Z71=0,Z71=1),"Valid","Invalid") -> Valid | AQ71: =IF(Audit_Data[[#This Row],[Z_CostContact]]=3,"Valid","Invalid") -> Valid | AR71: =IF(AB71=11,"Valid","Invalid") -> Valid | AS71: =IF(OR(AC71=0,AC71=1),"Valid","Invalid") -> Valid
A72: 1402 | B72: 1954 | C72: Master | D72: Married | E72: 66991 | F72: 0 | G72: 0 | H72: 41163 | I72: 1 | J72: 496 | K72: 36 | L72: 460 | M72: 189 | N72: 60 | O72: 12 | P72: 3 | Q72: 4 | R72: 8 | S72: 6 | T72: 3 | U72: 0 | V72: 0 | W72: 0 | X72: 0 | Y72: 0 | Z72: 0 | AA72: 3 | AB72: 11 | AC72: 0 | AD72: =IF(COUNTIF(A:A,A72)>1,"Duplicate","Ok") -> Ok | AE72: =IF(AND(Audit_Data[[#This Row],[Year_Birth]]>=1900,Audit_Data[[#This Row],[Year_Birth]]<=2010),"OK","Invalid") -> OK | AF72: =IF(OR(C72="Graduation",C72="phD",C72="Master",C72="Basic",C72="2n Cycle"),"Valid","Invalid") -> Valid | AG72: =IF(OR(D72="Single",D72="Married",D72="Divorced",D72="Together",D72="Widow",D72="Alone"),"Valid","Invalid") -> Valid | AH72: =IF(AND(ISNUMBER(E72),E72<>""),"Valid","Invalid") -> Valid | AI72: =IF(AND(F72>=0,F72<=2),"Valid","Invalid") -> Valid | AJ72: =IF(AND(G72>=0,G72<=2),"Valid","Invalid") -> Valid | AK72: =IF(AND(ISNUMBER(H72),H72>=DATE(2012,1,1),H72<=DATE(2014,12,31)),"Valid ","Invalid") -> Valid | AL72: =IF(AND(Audit_Data[[#This Row],[Recency]]>=0,Audit_Data[[#This Row],[Recency]]<=100),"Valid","Invalid") -> Valid | AM72: =IF(AND(ISNUMBER(J72),J72>=0,ISNUMBER(K72),K72>=0,ISNUMBER(L72),L72>=0,ISNUMBER(M72),M72>=0,ISNUMBER(N72),N72>=0,ISNUMBER(O72),O72>=0),"Valid","Invalid") -> Valid | AN72: =IF(AND(ISNUMBER(P72),P72>=0,ISNUMBER(Q72),Q72>=0,ISNUMBER(R72),R72>=0,ISNUMBER(S72),S72>=0,ISNUMBER(T72),T72>=0),"Valid","Invalid") -> Valid | AO72: =IF(AND(U72<=1,V72<=1,W72<=1,X72<=1,Y72<=1),"Valid","Invalid") -> Valid | AP72: =IF(OR(Z72=0,Z72=1),"Valid","Invalid") -> Valid | AQ72: =IF(Audit_Data[[#This Row],[Z_CostContact]]=3,"Valid","Invalid") -> Valid | AR72: =IF(AB72=11,"Valid","Invalid") -> Valid | AS72: =IF(OR(AC72=0,AC72=1),"Valid","Invalid") -> Valid
A73: 10629 | B73: 1973 | C73: 2n Cycle | D73: Married | F73: 1 | G73: 0 | H73: 41166 | I73: 25 | J73: 25 | K73: 3 | L73: 43 | M73: 17 | N73: 4 | O73: 17 | P73: 3 | Q73: 3 | R73: 0 | S73: 3 | T73: 8 | U73: 0 | V73: 0 | W73: 0 | X73: 0 | Y73: 0 | Z73: 0 | AA73: 3 | AB73: 11 | AC73: 0 | AD73: =IF(COUNTIF(A:A,A73)>1,"Duplicate","Ok") -> Ok | AE73: =IF(AND(Audit_Data[[#This Row],[Year_Birth]]>=1900,Audit_Data[[#This Row],[Year_Birth]]<=2010),"OK","Invalid") -> OK | AF73: =IF(OR(C73="Graduation",C73="phD",C73="Master",C73="Basic",C73="2n Cycle"),"Valid","Invalid") -> Valid | AG73: =IF(OR(D73="Single",D73="Married",D73="Divorced",D73="Together",D73="Widow",D73="Alone"),"Valid","Invalid") -> Valid | AH73: =IF(AND(ISNUMBER(E73),E73<>""),"Valid","Invalid") -> Invalid | AI73: =IF(AND(F73>=0,F73<=2),"Valid","Invalid") -> Valid | AJ73: =IF(AND(G73>=0,G73<=2),"Valid","Invalid") -> Valid | AK73: =IF(AND(ISNUMBER(H73),H73>=DATE(2012,1,1),H73<=DATE(2014,12,31)),"Valid ","Invalid") -> Valid | AL73: =IF(AND(Audit_Data[[#This Row],[Recency]]>=0,Audit_Data[[#This Row],[Recency]]<=100),"Valid","Invalid") -> Valid | AM73: =IF(AND(ISNUMBER(J73),J73>=0,ISNUMBER(K73),K73>=0,ISNUMBER(L73),L73>=0,ISNUMBER(M73),M73>=0,ISNUMBER(N73),N73>=0,ISNUMBER(O73),O73>=0),"Valid","Invalid") -> Valid | AN73: =IF(AND(ISNUMBER(P73),P73>=0,ISNUMBER(Q73),Q73>=0,ISNUMBER(R73),R73>=0,ISNUMBER(S73),S73>=0,ISNUMBER(T73),T73>=0),"Valid","Invalid") -> Valid | AO73: =IF(AND(U73<=1,V73<=1,W73<=1,X73<=1,Y73<=1),"Valid","Invalid") -> Valid | AP73: =IF(OR(Z73=0,Z73=1),"Valid","Invalid") -> Valid | AQ73: =IF(Audit_Data[[#This Row],[Z_CostContact]]=3,"Valid","Invalid") -> Valid | AR73: =IF(AB73=11,"Valid","Invalid") -> Valid | AS73: =IF(OR(AC73=0,AC73=1),"Valid","Invalid") -> Valid
A74: 6312 | B74: 1959 | C74: Graduation | D74: Married | E74: 65031 | F74: 0 | G74: 1 | H74: 41350 | I74: 29 | J74: 258 | K74: 107 | L74: 291 | M74: 84 | N74: 37 | O74: 86 | P74: 4 | Q74: 10 | R74: 3 | S74: 13 | T74: 7 | U74: 0 | V74: 0 | W74: 0 | X74: 0 | Y74: 0 | Z74: 0 | AA74: 3 | AB74: 11 | AC74: 0 | AD74: =IF(COUNTIF(A:A,A74)>1,"Duplicate","Ok") -> Ok | AE74: =IF(AND(Audit_Data[[#This Row],[Year_Birth]]>=1900,Audit_Data[[#This Row],[Year_Birth]]<=2010),"OK","Invalid") -> OK | AF74: =IF(OR(C74="Graduation",C74="phD",C74="Master",C74="Basic",C74="2n Cycle"),"Valid","Invalid") -> Valid | AG74: =IF(OR(D74="Single",D74="Married",D74="Divorced",D74="Together",D74="Widow",D74="Alone"),"Valid","Invalid") -> Valid | AH74: =IF(AND(ISNUMBER(E74),E74<>""),"Valid","Invalid") -> Valid | AI74: =IF(AND(F74>=0,F74<=2),"Valid","Invalid") -> Valid | AJ74: =IF(AND(G74>=0,G74<=2),"Valid","Invalid") -> Valid | AK74: =IF(AND(ISNUMBER(H74),H74>=DATE(2012,1,1),H74<=DATE(2014,12,31)),"Valid ","Invalid") -> Valid | AL74: =IF(AND(Audit_Data[[#This Row],[Recency]]>=0,Audit_Data[[#This Row],[Recency]]<=100),"Valid","Invalid") -> Valid | AM74: =IF(AND(ISNUMBER(J74),J74>=0,ISNUMBER(K74),K74>=0,ISNUMBER(L74),L74>=0,ISNUMBER(M74),M74>=0,ISNUMBER(N74),N74>=0,ISNUMBER(O74),O74>=0),"Valid","Invalid") -> Valid | AN74: =IF(AND(ISNUMBER(P74),P74>=0,ISNUMBER(Q74),Q74>=0,ISNUMBER(R74),R74>=0,ISNUMBER(S74),S74>=0,ISNUMBER(T74),T74>=0),"Valid","Invalid") -> Valid | AO74: =IF(AND(U74<=1,V74<=1,W74<=1,X74<=1,Y74<=1),"Valid","Invalid") -> Valid | AP74: =IF(OR(Z74=0,Z74=1),"Valid","Invalid") -> Valid | AQ74: =IF(Audit_Data[[#This Row],[Z_CostContact]]=3,"Valid","Invalid") -> Valid | AR74: =IF(AB74=11,"Valid","Invalid") -> Valid | AS74: =IF(OR(AC74=0,AC74=1),"Valid","Invalid") -> Valid
A75: 8132 | B75: 1975 | C75: PhD | D75: Married | E75: 60631 | F75: 1 | G75: 1 | H75: 41369 | I75: 88 | J75: 565 | K75: 6 | L75: 65 | M75: 0 | N75: 6 | O75: 19 | P75: 5 | Q75: 9 | R75: 2 | S75: 8 | T75: 7 | U75: 0 | V75: 1 | W75: 0 | X75: 0 | Y75: 0 | Z75: 0 | AA75: 3 | AB75: 11 | AC75: 0 | AD75: =IF(COUNTIF(A:A,A75)>1,"Duplicate","Ok") -> Ok | AE75: =IF(AND(Audit_Data[[#This Row],[Year_Birth]]>=1900,Audit_Data[[#This Row],[Year_Birth]]<=2010),"OK","Invalid") -> OK | AF75: =IF(OR(C75="Graduation",C75="phD",C75="Master",C75="Basic",C75="2n Cycle"),"Valid","Invalid") -> Valid | AG75: =IF(OR(D75="Single",D75="Married",D75="Divorced",D75="Together",D75="Widow",D75="Alone"),"Valid","Invalid") -> Valid | AH75: =IF(AND(ISNUMBER(E75),E75<>""),"Valid","Invalid") -> Valid | AI75: =IF(AND(F75>=0,F75<=2),"Valid","Invalid") -> Valid | AJ75: =IF(AND(G75>=0,G75<=2),"Valid","Invalid") -> Valid | AK75: =IF(AND(ISNUMBER(H75),H75>=DATE(2012,1,1),H75<=DATE(2014,12,31)),"Valid ","Invalid") -> Valid | AL75: =IF(AND(Audit_Data[[#This Row],[Recency]]>=0,Audit_Data[[#This Row],[Recency]]<=100),"Valid","Invalid") -> Valid | AM75: =IF(AND(ISNUMBER(J75),J75>=0,ISNUMBER(K75),K75>=0,ISNUMBER(L75),L75>=0,ISNUMBER(M75),M75>=0,ISNUMBER(N75),N75>=0,ISNUMBER(O75),O75>=0),"Valid","Invalid") -> Valid | AN75: =IF(AND(ISNUMBER(P75),P75>=0,ISNUMBER(Q75),Q75>=0,ISNUMBER(R75),R75>=0,ISNUMBER(S75),S75>=0,ISNUMBER(T75),T75>=0),"Valid","Invalid") -> Valid | AO75: =IF(AND(U75<=1,V75<=1,W75<=1,X75<=1,Y75<=1),"Valid","Invalid") -> Valid | AP75: =IF(OR(Z75=0,Z75=1),"Valid","Invalid") -> Valid | AQ75: =IF(Audit_Data[[#This Row],[Z_CostContact]]=3,"Valid","Invalid") -> Valid | AR75: =IF(AB75=11,"Valid","Invalid") -> Valid | AS75: =IF(OR(AC75=0,AC75=1),"Valid","Invalid") -> Valid
A76: 1050 | B76: 1952 | C76: Graduation | D76: Married | E76: 28332 | F76: 0 | G76: 0 | H76: 41759 | I76: 58 | J76: 14 | K76: 10 | L76: 13 | M76: 4 | N76: 15 | O76: 9 | P76: 1 | Q76: 2 | R76: 1 | S76: 4 | T76: 2 | U76: 0 | V76: 0 | W76: 0 | X76: 0 | Y76: 0 | Z76: 0 | AA76: 3 | AB76: 11 | AC76: 0 | AD76: =IF(COUNTIF(A:A,A76)>1,"Duplicate","Ok") -> Ok | AE76: =IF(AND(Audit_Data[[#This Row],[Year_Birth]]>=1900,Audit_Data[[#This Row],[Year_Birth]]<=2010),"OK","Invalid") -> OK | AF76: =IF(OR(C76="Graduation",C76="phD",C76="Master",C76="Basic",C76="2n Cycle"),"Valid","Invalid") -> Valid | AG76: =IF(OR(D76="Single",D76="Married",D76="Divorced",D76="Together",D76="Widow",D76="Alone"),"Valid","Invalid") -> Valid | AH76: =IF(AND(ISNUMBER(E76),E76<>""),"Valid","Invalid") -> Valid | AI76: =IF(AND(F76>=0,F76<=2),"Valid","Invalid") -> Valid | AJ76: =IF(AND(G76>=0,G76<=2),"Valid","Invalid") -> Valid | AK76: =IF(AND(ISNUMBER(H76),H76>=DATE(2012,1,1),H76<=DATE(2014,12,31)),"Valid ","Invalid") -> Valid | AL76: =IF(AND(Audit_Data[[#This Row],[Recency]]>=0,Audit_Data[[#This Row],[Recency]]<=100),"Valid","Invalid") -> Valid | AM76: =IF(AND(ISNUMBER(J76),J76>=0,ISNUMBER(K76),K76>=0,ISNUMBER(L76),L76>=0,ISNUMBER(M76),M76>=0,ISNUMBER(N76),N76>=0,ISNUMBER(O76),O76>=0),"Valid","Invalid") -> Valid | AN76: =IF(AND(ISNUMBER(P76),P76>=0,ISNUMBER(Q76),Q76>=0,ISNUMBER(R76),R76>=0,ISNUMBER(S76),S76>=0,ISNUMBER(T76),T76>=0),"Valid","Invalid") -> Valid | AO76: =IF(AND(U76<=1,V76<=1,W76<=1,X76<=1,Y76<=1),"Valid","Invalid") -> Valid | AP76: =IF(OR(Z76=0,Z76=1),"Valid","Invalid") -> Valid | AQ76: =IF(Audit_Data[[#This Row],[Z_CostContact]]=3,"Valid","Invalid") -> Valid | AR76: =IF(AB76=11,"Valid","Invalid") -> Valid | AS76: =IF(OR(AC76=0,AC76=1),"Valid","Invalid") -> Valid
A77: 5846 | B77: 1977 | C77: Graduation | D77: Divorced | E77: 40246 | F77: 1 | G77: 0 | H77: 41262 | I77: 68 | J77: 2 | K77: 1 | L77: 6 | M77: 2 | N77: 1 | O77: 1 | P77: 1 | Q77: 1 | R77: 0 | S77: 2 | T77: 6 | U77: 0 | V77: 0 | W77: 0 | X77: 0 | Y77: 0 | Z77: 0 | AA77: 3 | AB77: 11 | AC77: 0 | AD77: =IF(COUNTIF(A:A,A77)>1,"Duplicate","Ok") -> Ok | AE77: =IF(AND(Audit_Data[[#This Row],[Year_Birth]]>=1900,Audit_Data[[#This Row],[Year_Birth]]<=2010),"OK","Invalid") -> OK | AF77: =IF(OR(C77="Graduation",C77="phD",C77="Master",C77="Basic",C77="2n Cycle"),"Valid","Invalid") -> Valid | AG77: =IF(OR(D77="Single",D77="Married",D77="Divorced",D77="Together",D77="Widow",D77="Alone"),"Valid","Invalid") -> Valid | AH77: =IF(AND(ISNUMBER(E77),E77<>""),"Valid","Invalid") -> Valid | AI77: =IF(AND(F77>=0,F77<=2),"Valid","Invalid") -> Valid | AJ77: =IF(AND(G77>=0,G77<=2),"Valid","Invalid") -> Valid | AK77: =IF(AND(ISNUMBER(H77),H77>=DATE(2012,1,1),H77<=DATE(2014,12,31)),"Valid ","Invalid") -> Valid | AL77: =IF(AND(Audit_Data[[#This Row],[Recency]]>=0,Audit_Data[[#This Row],[Recency]]<=100),"Valid","Invalid") -> Valid | AM77: =IF(AND(ISNUMBER(J77),J77>=0,ISNUMBER(K77),K77>=0,ISNUMBER(L77),L77>=0,ISNUMBER(M77),M77>=0,ISNUMBER(N77),N77>=0,ISNUMBER(O77),O77>=0),"Valid","Invalid") -> Valid | AN77: =IF(AND(ISNUMBER(P77),P77>=0,ISNUMBER(Q77),Q77>=0,ISNUMBER(R77),R77>=0,ISNUMBER(S77),S77>=0,ISNUMBER(T77),T77>=0),"Valid","Invalid") -> Valid | AO77: =IF(AND(U77<=1,V77<=1,W77<=1,X77<=1,Y77<=1),"Valid","Invalid") -> Valid | AP77: =IF(OR(Z77=0,Z77=1),"Valid","Invalid") -> Valid | AQ77: =IF(Audit_Data[[#This Row],[Z_CostContact]]=3,"Valid","Invalid") -> Valid | AR77: =IF(AB77=11,"Valid","Invalid") -> Valid | AS77: =IF(OR(AC77=0,AC77=1),"Valid","Invalid") -> Valid
A78: 1859 | B78: 1972 | C78: Master | D78: Married | E78: 75251 | F78: 0 | G78: 0 | H78: 41148 | I78: 34 | J78: 721 | K78: 111 | L78: 925 | M78: 97 | N78: 18 | O78: 18 | P78: 1 | Q78: 7 | R78: 6 | S78: 5 | T78: 5 | U78: 0 | V78: 0 | W78: 0 | X78: 0 | Y78: 0 | Z78: 0 | AA78: 3 | AB78: 11 | AC78: 1 | AD78: =IF(COUNTIF(A:A,A78)>1,"Duplicate","Ok") -> Ok | AE78: =IF(AND(Audit_Data[[#This Row],[Year_Birth]]>=1900,Audit_Data[[#This Row],[Year_Birth]]<=2010),"OK","Invalid") -> OK | AF78: =IF(OR(C78="Graduation",C78="phD",C78="Master",C78="Basic",C78="2n Cycle"),"Valid","Invalid") -> Valid | AG78: =IF(OR(D78="Single",D78="Married",D78="Divorced",D78="Together",D78="Widow",D78="Alone"),"Valid","Invalid") -> Valid | AH78: =IF(AND(ISNUMBER(E78),E78<>""),"Valid","Invalid") -> Valid | AI78: =IF(AND(F78>=0,F78<=2),"Valid","Invalid") -> Valid | AJ78: =IF(AND(G78>=0,G78<=2),"Valid","Invalid") -> Valid | AK78: =IF(AND(ISNUMBER(H78),H78>=DATE(2012,1,1),H78<=DATE(2014,12,31)),"Valid ","Invalid") -> Valid | AL78: =IF(AND(Audit_Data[[#This Row],[Recency]]>=0,Audit_Data[[#This Row],[Recency]]<=100),"Valid","Invalid") -> Valid | AM78: =IF(AND(ISNUMBER(J78),J78>=0,ISNUMBER(K78),K78>=0,ISNUMBER(L78),L78>=0,ISNUMBER(M78),M78>=0,ISNUMBER(N78),N78>=0,ISNUMBER(O78),O78>=0),"Valid","Invalid") -> Valid | AN78: =IF(AND(ISNUMBER(P78),P78>=0,ISNUMBER(Q78),Q78>=0,ISNUMBER(R78),R78>=0,ISNUMBER(S78),S78>=0,ISNUMBER(T78),T78>=0),"Valid","Invalid") -> Valid | AO78: =IF(AND(U78<=1,V78<=1,W78<=1,X78<=1,Y78<=1),"Valid","Invalid") -> Valid | AP78: =IF(OR(Z78=0,Z78=1),"Valid","Invalid") -> Valid | AQ78: =IF(Audit_Data[[#This Row],[Z_CostContact]]=3,"Valid","Invalid") -> Valid | AR78: =IF(AB78=11,"Valid","Invalid") -> Valid | AS78: =IF(OR(AC78=0,AC78=1),"Valid","Invalid") -> Valid
A79: 7503 | B79: 1976 | C79: Graduation | D79: Single | E79: 75825 | F79: 0 | G79: 0 | H79: 41194 | I79: 40 | J79: 1032 | K79: 105 | L79: 779 | M79: 137 | N79: 105 | O79: 51 | P79: 0 | Q79: 5 | R79: 8 | S79: 9 | T79: 4 | U79: 1 | V79: 0 | W79: 0 | X79: 0 | Y79: 0 | Z79: 0 | AA79: 3 | AB79: 11 | AC79: 1 | AD79: =IF(COUNTIF(A:A,A79)>1,"Duplicate","Ok") -> Ok | AE79: =IF(AND(Audit_Data[[#This Row],[Year_Birth]]>=1900,Audit_Data[[#This Row],[Year_Birth]]<=2010),"OK","Invalid") -> OK | AF79: =IF(OR(C79="Graduation",C79="phD",C79="Master",C79="Basic",C79="2n Cycle"),"Valid","Invalid") -> Valid | AG79: =IF(OR(D79="Single",D79="Married",D79="Divorced",D79="Together",D79="Widow",D79="Alone"),"Valid","Invalid") -> Valid | AH79: =IF(AND(ISNUMBER(E79),E79<>""),"Valid","Invalid") -> Valid | AI79: =IF(AND(F79>=0,F79<=2),"Valid","Invalid") -> Valid | AJ79: =IF(AND(G79>=0,G79<=2),"Valid","Invalid") -> Valid | AK79: =IF(AND(ISNUMBER(H79),H79>=DATE(2012,1,1),H79<=DATE(2014,12,31)),"Valid ","Invalid") -> Valid | AL79: =IF(AND(Audit_Data[[#This Row],[Recency]]>=0,Audit_Data[[#This Row],[Recency]]<=100),"Valid","Invalid") -> Valid | AM79: =IF(AND(ISNUMBER(J79),J79>=0,ISNUMBER(K79),K79>=0,ISNUMBER(L79),L79>=0,ISNUMBER(M79),M79>=0,ISNUMBER(N79),N79>=0,ISNUMBER(O79),O79>=0),"Valid","Invalid") -> Valid | AN79: =IF(AND(ISNUMBER(P79),P79>=0,ISNUMBER(Q79),Q79>=0,ISNUMBER(R79),R79>=0,ISNUMBER(S79),S79>=0,ISNUMBER(T79),T79>=0),"Valid","Invalid") -> Valid | AO79: =IF(AND(U79<=1,V79<=1,W79<=1,X79<=1,Y79<=1),"Valid","Invalid") -> Valid | AP79: =IF(OR(Z79=0,Z79=1),"Valid","Invalid") -> Valid | AQ79: =IF(Audit_Data[[#This Row],[Z_CostContact]]=3,"Valid","Invalid") -> Valid | AR79: =IF(AB79=11,"Valid","Invalid") -> Valid | AS79: =IF(OR(AC79=0,AC79=1),"Valid","Invalid") -> Valid
A80: 10401 | B80: 1976 | C80: 2n Cycle | D80: Together | E80: 26326 | F80: 0 | G80: 0 | H80: 41521 | I80: 12 | J80: 1 | K80: 0 | L80: 5 | M80: 0 | N80: 3 | O80: 9 | P80: 1 | Q80: 0 | R80: 0 | S80: 3 | T80: 3 | U80: 0 | V80: 0 | W80: 0 | X80: 0 | Y80: 0 | Z80: 1 | AA80: 3 | AB80: 11 | AC80: 0 | AD80: =IF(COUNTIF(A:A,A80)>1,"Duplicate","Ok") -> Ok | AE80: =IF(AND(Audit_Data[[#This Row],[Year_Birth]]>=1900,Audit_Data[[#This Row],[Year_Birth]]<=2010),"OK","Invalid") -> OK | AF80: =IF(OR(C80="Graduation",C80="phD",C80="Master",C80="Basic",C80="2n Cycle"),"Valid","Invalid") -> Valid | AG80: =IF(OR(D80="Single",D80="Married",D80="Divorced",D80="Together",D80="Widow",D80="Alone"),"Valid","Invalid") -> Valid | AH80: =IF(AND(ISNUMBER(E80),E80<>""),"Valid","Invalid") -> Valid | AI80: =IF(AND(F80>=0,F80<=2),"Valid","Invalid") -> Valid | AJ80: =IF(AND(G80>=0,G80<=2),"Valid","Invalid") -> Valid | AK80: =IF(AND(ISNUMBER(H80),H80>=DATE(2012,1,1),H80<=DATE(2014,12,31)),"Valid ","Invalid") -> Valid | AL80: =IF(AND(Audit_Data[[#This Row],[Recency]]>=0,Audit_Data[[#This Row],[Recency]]<=100),"Valid","Invalid") -> Valid | AM80: =IF(AND(ISNUMBER(J80),J80>=0,ISNUMBER(K80),K80>=0,ISNUMBER(L80),L80>=0,ISNUMBER(M80),M80>=0,ISNUMBER(N80),N80>=0,ISNUMBER(O80),O80>=0),"Valid","Invalid") -> Valid | AN80: =IF(AND(ISNUMBER(P80),P80>=0,ISNUMBER(Q80),Q80>=0,ISNUMBER(R80),R80>=0,ISNUMBER(S80),S80>=0,ISNUMBER(T80),T80>=0),"Valid","Invalid") -> Valid | AO80: =IF(AND(U80<=1,V80<=1,W80<=1,X80<=1,Y80<=1),"Valid","Invalid") -> Valid | AP80: =IF(OR(Z80=0,Z80=1),"Valid","Invalid") -> Valid | AQ80: =IF(Audit_Data[[#This Row],[Z_CostContact]]=3,"Valid","Invalid") -> Valid | AR80: =IF(AB80=11,"Valid","Invalid") -> Valid | AS80: =IF(OR(AC80=0,AC80=1),"Valid","Invalid") -> Valid
A81: 1618 | B81: 1965 | C81: Graduation | D81: Together | E81: 56046 | F81: 0 | G81: 0 | H81: 41276 | I81: 9 | J81: 577 | K81: 0 | L81: 64 | M81: 0 | N81: 0 | O81: 51 | P81: 2 | Q81: 10 | R81: 1 | S81: 8 | T81: 8 | U81: 1 | V81: 0 | W81: 0 | X81: 0 | Y81: 0 | Z81: 0 | AA81: 3 | AB81: 11 | AC81: 1 | AD81: =IF(COUNTIF(A:A,A81)>1,"Duplicate","Ok") -> Ok | AE81: =IF(AND(Audit_Data[[#This Row],[Year_Birth]]>=1900,Audit_Data[[#This Row],[Year_Birth]]<=2010),"OK","Invalid") -> OK | AF81: =IF(OR(C81="Graduation",C81="phD",C81="Master",C81="Basic",C81="2n Cycle"),"Valid","Invalid") -> Valid | AG81: =IF(OR(D81="Single",D81="Married",D81="Divorced",D81="Together",D81="Widow",D81="Alone"),"Valid","Invalid") -> Valid | AH81: =IF(AND(ISNUMBER(E81),E81<>""),"Valid","Invalid") -> Valid | AI81: =IF(AND(F81>=0,F81<=2),"Valid","Invalid") -> Valid | AJ81: =IF(AND(G81>=0,G81<=2),"Valid","Invalid") -> Valid | AK81: =IF(AND(ISNUMBER(H81),H81>=DATE(2012,1,1),H81<=DATE(2014,12,31)),"Valid ","Invalid") -> Valid | AL81: =IF(AND(Audit_Data[[#This Row],[Recency]]>=0,Audit_Data[[#This Row],[Recency]]<=100),"Valid","Invalid") -> Valid | AM81: =IF(AND(ISNUMBER(J81),J81>=0,ISNUMBER(K81),K81>=0,ISNUMBER(L81),L81>=0,ISNUMBER(M81),M81>=0,ISNUMBER(N81),N81>=0,ISNUMBER(O81),O81>=0),"Valid","Invalid") -> Valid | AN81: =IF(AND(ISNUMBER(P81),P81>=0,ISNUMBER(Q81),Q81>=0,ISNUMBER(R81),R81>=0,ISNUMBER(S81),S81>=0,ISNUMBER(T81),T81>=0),"Valid","Invalid") -> Valid | AO81: =IF(AND(U81<=1,V81<=1,W81<=1,X81<=1,Y81<=1),"Valid","Invalid") -> Valid | AP81: =IF(OR(Z81=0,Z81=1),"Valid","Invalid") -> Valid | AQ81: =IF(Audit_Data[[#This Row],[Z_CostContact]]=3,"Valid","Invalid") -> Valid | AR81: =IF(AB81=11,"Valid","Invalid") -> Valid | AS81: =IF(OR(AC81=0,AC81=1),"Valid","Invalid") -> Valid
A82: 3332 | B82: 1985 | C82: Graduation | D82: Single | E82: 29760 | F82: 1 | G82: 0 | H82: 41150 | I82: 87 | J82: 64 | K82: 4 | L82: 68 | M82: 7 | N82: 5 | O82: 17 | P82: 4 | Q82: 3 | R82: 1 | S82: 4 | T82: 8 | U82: 0 | V82: 0 | W82: 0 | X82: 0 | Y82: 0 | Z82: 0 | AA82: 3 | AB82: 11 | AC82: 0 | AD82: =IF(COUNTIF(A:A,A82)>1,"Duplicate","Ok") -> Ok | AE82: =IF(AND(Audit_Data[[#This Row],[Year_Birth]]>=1900,Audit_Data[[#This Row],[Year_Birth]]<=2010),"OK","Invalid") -> OK | AF82: =IF(OR(C82="Graduation",C82="phD",C82="Master",C82="Basic",C82="2n Cycle"),"Valid","Invalid") -> Valid | AG82: =IF(OR(D82="Single",D82="Married",D82="Divorced",D82="Together",D82="Widow",D82="Alone"),"Valid","Invalid") -> Valid | AH82: =IF(AND(ISNUMBER(E82),E82<>""),"Valid","Invalid") -> Valid | AI82: =IF(AND(F82>=0,F82<=2),"Valid","Invalid") -> Valid | AJ82: =IF(AND(G82>=0,G82<=2),"Valid","Invalid") -> Valid | AK82: =IF(AND(ISNUMBER(H82),H82>=DATE(2012,1,1),H82<=DATE(2014,12,31)),"Valid ","Invalid") -> Valid | AL82: =IF(AND(Audit_Data[[#This Row],[Recency]]>=0,Audit_Data[[#This Row],[Recency]]<=100),"Valid","Invalid") -> Valid | AM82: =IF(AND(ISNUMBER(J82),J82>=0,ISNUMBER(K82),K82>=0,ISNUMBER(L82),L82>=0,ISNUMBER(M82),M82>=0,ISNUMBER(N82),N82>=0,ISNUMBER(O82),O82>=0),"Valid","Invalid") -> Valid | AN82: =IF(AND(ISNUMBER(P82),P82>=0,ISNUMBER(Q82),Q82>=0,ISNUMBER(R82),R82>=0,ISNUMBER(S82),S82>=0,ISNUMBER(T82),T82>=0),"Valid","Invalid") -> Valid | AO82: =IF(AND(U82<=1,V82<=1,W82<=1,X82<=1,Y82<=1),"Valid","Invalid") -> Valid | AP82: =IF(OR(Z82=0,Z82=1),"Valid","Invalid") -> Valid | AQ82: =IF(Audit_Data[[#This Row],[Z_CostContact]]=3,"Valid","Invalid") -> Valid | AR82: =IF(AB82=11,"Valid","Invalid") -> Valid | AS82: =IF(OR(AC82=0,AC82=1),"Valid","Invalid") -> Valid
A83: 2261 | B83: 1969 | C83: Graduation | D83: Married | E83: 26304 | F83: 1 | G83: 0 | H83: 41448 | I83: 5 | J83: 4 | K83: 1 | L83: 5 | M83: 2 | N83: 0 | O83: 4 | P83: 1 | Q83: 1 | R83: 0 | S83: 2 | T83: 7 | U83: 0 | V83: 0 | W83: 0 | X83: 0 | Y83: 0 | Z83: 0 | AA83: 3 | AB83: 11 | AC83: 0 | AD83: =IF(COUNTIF(A:A,A83)>1,"Duplicate","Ok") -> Ok | AE83: =IF(AND(Audit_Data[[#This Row],[Year_Birth]]>=1900,Audit_Data[[#This Row],[Year_Birth]]<=2010),"OK","Invalid") -> OK | AF83: =IF(OR(C83="Graduation",C83="phD",C83="Master",C83="Basic",C83="2n Cycle"),"Valid","Invalid") -> Valid | AG83: =IF(OR(D83="Single",D83="Married",D83="Divorced",D83="Together",D83="Widow",D83="Alone"),"Valid","Invalid") -> Valid | AH83: =IF(AND(ISNUMBER(E83),E83<>""),"Valid","Invalid") -> Valid | AI83: =IF(AND(F83>=0,F83<=2),"Valid","Invalid") -> Valid | AJ83: =IF(AND(G83>=0,G83<=2),"Valid","Invalid") -> Valid | AK83: =IF(AND(ISNUMBER(H83),H83>=DATE(2012,1,1),H83<=DATE(2014,12,31)),"Valid ","Invalid") -> Valid | AL83: =IF(AND(Audit_Data[[#This Row],[Recency]]>=0,Audit_Data[[#This Row],[Recency]]<=100),"Valid","Invalid") -> Valid | AM83: =IF(AND(ISNUMBER(J83),J83>=0,ISNUMBER(K83),K83>=0,ISNUMBER(L83),L83>=0,ISNUMBER(M83),M83>=0,ISNUMBER(N83),N83>=0,ISNUMBER(O83),O83>=0),"Valid","Invalid") -> Valid | AN83: =IF(AND(ISNUMBER(P83),P83>=0,ISNUMBER(Q83),Q83>=0,ISNUMBER(R83),R83>=0,ISNUMBER(S83),S83>=0,ISNUMBER(T83),T83>=0),"Valid","Invalid") -> Valid | AO83: =IF(AND(U83<=1,V83<=1,W83<=1,X83<=1,Y83<=1),"Valid","Invalid") -> Valid | AP83: =IF(OR(Z83=0,Z83=1),"Valid","Invalid") -> Valid | AQ83: =IF(Audit_Data[[#This Row],[Z_CostContact]]=3,"Valid","Invalid") -> Valid | AR83: =IF(AB83=11,"Valid","Invalid") -> Valid | AS83: =IF(OR(AC83=0,AC83=1),"Valid","Invalid") -> Valid
A84: 5346 | B84: 1973 | C84: 2n Cycle | D84: Married | E84: 23559 | F84: 1 | G84: 0 | H84: 41458 | I84: 87 | J84: 25 | K84: 5 | L84: 19 | M84: 7 | N84: 0 | O84: 23 | P84: 3 | Q84: 3 | R84: 0 | S84: 3 | T84: 7 | U84: 0 | V84: 0 | W84: 0 | X84: 0 | Y84: 0 | Z84: 0 | AA84: 3 | AB84: 11 | AC84: 0 | AD84: =IF(COUNTIF(A:A,A84)>1,"Duplicate","Ok") -> Ok | AE84: =IF(AND(Audit_Data[[#This Row],[Year_Birth]]>=1900,Audit_Data[[#This Row],[Year_Birth]]<=2010),"OK","Invalid") -> OK | AF84: =IF(OR(C84="Graduation",C84="phD",C84="Master",C84="Basic",C84="2n Cycle"),"Valid","Invalid") -> Valid | AG84: =IF(OR(D84="Single",D84="Married",D84="Divorced",D84="Together",D84="Widow",D84="Alone"),"Valid","Invalid") -> Valid | AH84: =IF(AND(ISNUMBER(E84),E84<>""),"Valid","Invalid") -> Valid | AI84: =IF(AND(F84>=0,F84<=2),"Valid","Invalid") -> Valid | AJ84: =IF(AND(G84>=0,G84<=2),"Valid","Invalid") -> Valid | AK84: =IF(AND(ISNUMBER(H84),H84>=DATE(2012,1,1),H84<=DATE(2014,12,31)),"Valid ","Invalid") -> Valid | AL84: =IF(AND(Audit_Data[[#This Row],[Recency]]>=0,Audit_Data[[#This Row],[Recency]]<=100),"Valid","Invalid") -> Valid | AM84: =IF(AND(ISNUMBER(J84),J84>=0,ISNUMBER(K84),K84>=0,ISNUMBER(L84),L84>=0,ISNUMBER(M84),M84>=0,ISNUMBER(N84),N84>=0,ISNUMBER(O84),O84>=0),"Valid","Invalid") -> Valid | AN84: =IF(AND(ISNUMBER(P84),P84>=0,ISNUMBER(Q84),Q84>=0,ISNUMBER(R84),R84>=0,ISNUMBER(S84),S84>=0,ISNUMBER(T84),T84>=0),"Valid","Invalid") -> Valid | AO84: =IF(AND(U84<=1,V84<=1,W84<=1,X84<=1,Y84<=1),"Valid","Invalid") -> Valid | AP84: =IF(OR(Z84=0,Z84=1),"Valid","Invalid") -> Valid | AQ84: =IF(Audit_Data[[#This Row],[Z_CostContact]]=3,"Valid","Invalid") -> Valid | AR84: =IF(AB84=11,"Valid","Invalid") -> Valid | AS84: =IF(OR(AC84=0,AC84=1),"Valid","Invalid") -> Valid
A85: 4119 | B85: 1963 | C85: Master | D85: Together | E85: 38620 | F85: 0 | G85: 0 | H85: 41405 | I85: 56 | J85: 112 | K85: 17 | L85: 44 | M85: 34 | N85: 22 | O85: 89 | P85: 1 | Q85: 2 | R85: 5 | S85: 3 | T85: 3 | U85: 0 | V85: 0 | W85: 0 | X85: 0 | Y85: 0 | Z85: 0 | AA85: 3 | AB85: 11 | AC85: 0 | AD85: =IF(COUNTIF(A:A,A85)>1,"Duplicate","Ok") -> Ok | AE85: =IF(AND(Audit_Data[[#This Row],[Year_Birth]]>=1900,Audit_Data[[#This Row],[Year_Birth]]<=2010),"OK","Invalid") -> OK | AF85: =IF(OR(C85="Graduation",C85="phD",C85="Master",C85="Basic",C85="2n Cycle"),"Valid","Invalid") -> Valid | AG85: =IF(OR(D85="Single",D85="Married",D85="Divorced",D85="Together",D85="Widow",D85="Alone"),"Valid","Invalid") -> Valid | AH85: =IF(AND(ISNUMBER(E85),E85<>""),"Valid","Invalid") -> Valid | AI85: =IF(AND(F85>=0,F85<=2),"Valid","Invalid") -> Valid | AJ85: =IF(AND(G85>=0,G85<=2),"Valid","Invalid") -> Valid | AK85: =IF(AND(ISNUMBER(H85),H85>=DATE(2012,1,1),H85<=DATE(2014,12,31)),"Valid ","Invalid") -> Valid | AL85: =IF(AND(Audit_Data[[#This Row],[Recency]]>=0,Audit_Data[[#This Row],[Recency]]<=100),"Valid","Invalid") -> Valid | AM85: =IF(AND(ISNUMBER(J85),J85>=0,ISNUMBER(K85),K85>=0,ISNUMBER(L85),L85>=0,ISNUMBER(M85),M85>=0,ISNUMBER(N85),N85>=0,ISNUMBER(O85),O85>=0),"Valid","Invalid") -> Valid | AN85: =IF(AND(ISNUMBER(P85),P85>=0,ISNUMBER(Q85),Q85>=0,ISNUMBER(R85),R85>=0,ISNUMBER(S85),S85>=0,ISNUMBER(T85),T85>=0),"Valid","Invalid") -> Valid | AO85: =IF(AND(U85<=1,V85<=1,W85<=1,X85<=1,Y85<=1),"Valid","Invalid") -> Valid | AP85: =IF(OR(Z85=0,Z85=1),"Valid","Invalid") -> Valid | AQ85: =IF(Audit_Data[[#This Row],[Z_CostContact]]=3,"Valid","Invalid") -> Valid | AR85: =IF(AB85=11,"Valid","Invalid") -> Valid | AS85: =IF(OR(AC85=0,AC85=1),"Valid","Invalid") -> Valid
... A91: 771 | B91: 1967 | C91: Graduation | D91: Together | E91: 54178 | F91: 0 | G91: 1 | H91: 41660 | I91: 79 | J91: 135 | K91: 9 | L91: 39 | M91: 4 | N91: 0 | O91: 7 | P91: 1 | Q91: 2 | R91: 2 | S91: 5 | T91: 2 | U91: 0 | V91: 0 | W91: 0 | X91: 0 | Y91: 0 | Z91: 0 | AA91: 3 | AB91: 11 | AC91: 0 | AD91: =IF(COUNTIF(A:A,A91)>1,"Duplicate","Ok") -> Ok | AE91: =IF(AND(Audit_Data[[#This Row],[Year_Birth]]>=1900,Audit_Data[[#This Row],[Year_Birth]]<=2010),"OK","Invalid") -> OK | AF91: =IF(OR(C91="Graduation",C91="phD",C91="Master",C91="Basic",C91="2n Cycle"),"Valid","Invalid") -> Valid | AG91: =IF(OR(D91="Single",D91="Married",D91="Divorced",D91="Together",D91="Widow",D91="Alone"),"Valid","Invalid") -> Valid | AH91: =IF(AND(ISNUMBER(E91),E91<>""),"Valid","Invalid") -> Valid | AI91: =IF(AND(F91>=0,F91<=2),"Valid","Invalid") -> Valid | AJ91: =IF(AND(G91>=0,G91<=2),"Valid","Invalid") -> Valid | AK91: =IF(AND(ISNUMBER(H91),H91>=DATE(2012,1,1),H91<=DATE(2014,12,31)),"Valid ","Invalid") -> Valid | AL91: =IF(AND(Audit_Data[[#This Row],[Recency]]>=0,Audit_Data[[#This Row],[Recency]]<=100),"Valid","Invalid") -> Valid | AM91: =IF(AND(ISNUMBER(J91),J91>=0,ISNUMBER(K91),K91>=0,ISNUMBER(L91),L91>=0,ISNUMBER(M91),M91>=0,ISNUMBER(N91),N91>=0,ISNUMBER(O91),O91>=0),"Valid","Invalid") -> Valid | AN91: =IF(AND(ISNUMBER(P91),P91>=0,ISNUMBER(Q91),Q91>=0,ISNUMBER(R91),R91>=0,ISNUMBER(S91),S91>=0,ISNUMBER(T91),T91>=0),"Valid","Invalid") -> Valid | AO91: =IF(AND(U91<=1,V91<=1,W91<=1,X91<=1,Y91<=1),"Valid","Invalid") -> Valid | AP91: =IF(OR(Z91=0,Z91=1),"Valid","Invalid") -> Valid | AQ91: =IF(Audit_Data[[#This Row],[Z_CostContact]]=3,"Valid","Invalid") -> Valid | AR91: =IF(AB91=11,"Valid","Invalid") -> Valid | AS91: =IF(OR(AC91=0,AC91=1),"Valid","Invalid") -> Valid
A92: 8996 | B92: 1957 | C92: PhD | D92: Married | F92: 2 | G92: 1 | H92: 41232 | I92: 4 | J92: 230 | K92: 42 | L92: 192 | M92: 49 | N92: 37 | O92: 53 | P92: 12 | Q92: 7 | R92: 2 | S92: 8 | T92: 9 | U92: 0 | V92: 0 | W92: 0 | X92: 0 | Y92: 0 | Z92: 0 | AA92: 3 | AB92: 11 | AC92: 0 | AD92: =IF(COUNTIF(A:A,A92)>1,"Duplicate","Ok") -> Ok | AE92: =IF(AND(Audit_Data[[#This Row],[Year_Birth]]>=1900,Audit_Data[[#This Row],[Year_Birth]]<=2010),"OK","Invalid") -> OK | AF92: =IF(OR(C92="Graduation",C92="phD",C92="Master",C92="Basic",C92="2n Cycle"),"Valid","Invalid") -> Valid | AG92: =IF(OR(D92="Single",D92="Married",D92="Divorced",D92="Together",D92="Widow",D92="Alone"),"Valid","Invalid") -> Valid | AH92: =IF(AND(ISNUMBER(E92),E92<>""),"Valid","Invalid") -> Invalid | AI92: =IF(AND(F92>=0,F92<=2),"Valid","Invalid") -> Valid | AJ92: =IF(AND(G92>=0,G92<=2),"Valid","Invalid") -> Valid | AK92: =IF(AND(ISNUMBER(H92),H92>=DATE(2012,1,1),H92<=DATE(2014,12,31)),"Valid ","Invalid") -> Valid | AL92: =IF(AND(Audit_Data[[#This Row],[Recency]]>=0,Audit_Data[[#This Row],[Recency]]<=100),"Valid","Invalid") -> Valid | AM92: =IF(AND(ISNUMBER(J92),J92>=0,ISNUMBER(K92),K92>=0,ISNUMBER(L92),L92>=0,ISNUMBER(M92),M92>=0,ISNUMBER(N92),N92>=0,ISNUMBER(O92),O92>=0),"Valid","Invalid") -> Valid | AN92: =IF(AND(ISNUMBER(P92),P92>=0,ISNUMBER(Q92),Q92>=0,ISNUMBER(R92),R92>=0,ISNUMBER(S92),S92>=0,ISNUMBER(T92),T92>=0),"Valid","Invalid") -> Valid | AO92: =IF(AND(U92<=1,V92<=1,W92<=1,X92<=1,Y92<=1),"Valid","Invalid") -> Valid | AP92: =IF(OR(Z92=0,Z92=1),"Valid","Invalid") -> Valid | AQ92: =IF(Audit_Data[[#This Row],[Z_CostContact]]=3,"Valid","Invalid") -> Valid | AR92: =IF(AB92=11,"Valid","Invalid") -> Valid | AS92: =IF(OR(AC92=0,AC92=1),"Valid","Invalid") -> Valid
A93: 9235 | B93: 1957 | C93: Graduation | D93: Single | F93: 1 | G93: 1 | H93: 41786 | I93: 45 | J93: 7 | K93: 0 | L93: 8 | M93: 2 | N93: 0 | O93: 1 | P93: 1 | Q93: 1 | R93: 0 | S93: 2 | T93: 7 | U93: 0 | V93: 0 | W93: 0 | X93: 0 | Y93: 0 | Z93: 0 | AA93: 3 | AB93: 11 | AC93: 0 | AD93: =IF(COUNTIF(A:A,A93)>1,"Duplicate","Ok") -> Ok | AE93: =IF(AND(Audit_Data[[#This Row],[Year_Birth]]>=1900,Audit_Data[[#This Row],[Year_Birth]]<=2010),"OK","Invalid") -> OK | AF93: =IF(OR(C93="Graduation",C93="phD",C93="Master",C93="Basic",C93="2n Cycle"),"Valid","Invalid") -> Valid | AG93: =IF(OR(D93="Single",D93="Married",D93="Divorced",D93="Together",D93="Widow",D93="Alone"),"Valid","Invalid") -> Valid | AH93: =IF(AND(ISNUMBER(E93),E93<>""),"Valid","Invalid") -> Invalid | AI93: =IF(AND(F93>=0,F93<=2),"Valid","Invalid") -> Valid | AJ93: =IF(AND(G93>=0,G93<=2),"Valid","Invalid") -> Valid | AK93: =IF(AND(ISNUMBER(H93),H93>=DATE(2012,1,1),H93<=DATE(2014,12,31)),"Valid ","Invalid") -> Valid | AL93: =IF(AND(Audit_Data[[#This Row],[Recency]]>=0,Audit_Data[[#This Row],[Recency]]<=100),"Valid","Invalid") -> Valid | AM93: =IF(AND(ISNUMBER(J93),J93>=0,ISNUMBER(K93),K93>=0,ISNUMBER(L93),L93>=0,ISNUMBER(M93),M93>=0,ISNUMBER(N93),N93>=0,ISNUMBER(O93),O93>=0),"Valid","Invalid") -> Valid | AN93: =IF(AND(ISNUMBER(P93),P93>=0,ISNUMBER(Q93),Q93>=0,ISNUMBER(R93),R93>=0,ISNUMBER(S93),S93>=0,ISNUMBER(T93),T93>=0),"Valid","Invalid") -> Valid | AO93: =IF(AND(U93<=1,V93<=1,W93<=1,X93<=1,Y93<=1),"Valid","Invalid") -> Valid | AP93: =IF(OR(Z93=0,Z93=1),"Valid","Invalid") -> Valid | AQ93: =IF(Audit_Data[[#This Row],[Z_CostContact]]=3,"Valid","Invalid") -> Valid | AR93: =IF(AB93=11,"Valid","Invalid") -> Valid | AS93: =IF(OR(AC93=0,AC93=1),"Valid","Invalid") -> Valid
A94: 5798 | B94: 1973 | C94: Master | D94: Together | F94: 0 | G94: 0 | H94: 41601 | I94: 87 | J94: 445 | K94: 37 | L94: 359 | M94: 98 | N94: 28 | O94: 18 | P94: 1 | Q94: 2 | R94: 4 | S94: 8 | T94: 1 | U94: 0 | V94: 0 | W94: 0 | X94: 0 | Y94: 0 | Z94: 0 | AA94: 3 | AB94: 11 | AC94: 0 | AD94: =IF(COUNTIF(A:A,A94)>1,"Duplicate","Ok") -> Ok | AE94: =IF(AND(Audit_Data[[#This Row],[Year_Birth]]>=1900,Audit_Data[[#This Row],[Year_Birth]]<=2010),"OK","Invalid") -> OK | AF94: =IF(OR(C94="Graduation",C94="phD",C94="Master",C94="Basic",C94="2n Cycle"),"Valid","Invalid") -> Valid | AG94: =IF(OR(D94="Single",D94="Married",D94="Divorced",D94="Together",D94="Widow",D94="Alone"),"Valid","Invalid") -> Valid | AH94: =IF(AND(ISNUMBER(E94),E94<>""),"Valid","Invalid") -> Invalid | AI94: =IF(AND(F94>=0,F94<=2),"Valid","Invalid") -> Valid | AJ94: =IF(AND(G94>=0,G94<=2),"Valid","Invalid") -> Valid | AK94: =IF(AND(ISNUMBER(H94),H94>=DATE(2012,1,1),H94<=DATE(2014,12,31)),"Valid ","Invalid") -> Valid | AL94: =IF(AND(Audit_Data[[#This Row],[Recency]]>=0,Audit_Data[[#This Row],[Recency]]<=100),"Valid","Invalid") -> Valid | AM94: =IF(AND(ISNUMBER(J94),J94>=0,ISNUMBER(K94),K94>=0,ISNUMBER(L94),L94>=0,ISNUMBER(M94),M94>=0,ISNUMBER(N94),N94>=0,ISNUMBER(O94),O94>=0),"Valid","Invalid") -> Valid | AN94: =IF(AND(ISNUMBER(P94),P94>=0,ISNUMBER(Q94),Q94>=0,ISNUMBER(R94),R94>=0,ISNUMBER(S94),S94>=0,ISNUMBER(T94),T94>=0),"Valid","Invalid") -> Valid | AO94: =IF(AND(U94<=1,V94<=1,W94<=1,X94<=1,Y94<=1),"Valid","Invalid") -> Valid | AP94: =IF(OR(Z94=0,Z94=1),"Valid","Invalid") -> Valid | AQ94: =IF(Audit_Data[[#This Row],[Z_CostContact]]=3,"Valid","Invalid") -> Valid | AR94: =IF(AB94=11,"Valid","Invalid") -> Valid | AS94: =IF(OR(AC94=0,AC94=1),"Valid","Invalid") -> Valid
A95: 11178 | B95: 1972 | C95: Master | D95: Single | E95: 42394 | F95: 1 | G95: 0 | H95: 41721 | I95: 69 | J95: 15 | K95: 2 | L95: 10 | M95: 0 | N95: 1 | O95: 4 | P95: 1 | Q95: 1 | R95: 0 | S95: 3 | T95: 7 | U95: 0 | V95: 0 | W95: 0 | X95: 0 | Y95: 0 | Z95: 0 | AA95: 3 | AB95: 11 | AC95: 0 | AD95: =IF(COUNTIF(A:A,A95)>1,"Duplicate","Ok") -> Ok | AE95: =IF(AND(Audit_Data[[#This Row],[Year_Birth]]>=1900,Audit_Data[[#This Row],[Year_Birth]]<=2010),"OK","Invalid") -> OK | AF95: =IF(OR(C95="Graduation",C95="phD",C95="Master",C95="Basic",C95="2n Cycle"),"Valid","Invalid") -> Valid | AG95: =IF(OR(D95="Single",D95="Married",D95="Divorced",D95="Together",D95="Widow",D95="Alone"),"Valid","Invalid") -> Valid | AH95: =IF(AND(ISNUMBER(E95),E95<>""),"Valid","Invalid") -> Valid | AI95: =IF(AND(F95>=0,F95<=2),"Valid","Invalid") -> Valid | AJ95: =IF(AND(G95>=0,G95<=2),"Valid","Invalid") -> Valid | AK95: =IF(AND(ISNUMBER(H95),H95>=DATE(2012,1,1),H95<=DATE(2014,12,31)),"Valid ","Invalid") -> Valid | AL95: =IF(AND(Audit_Data[[#This Row],[Recency]]>=0,Audit_Data[[#This Row],[Recency]]<=100),"Valid","Invalid") -> Valid | AM95: =IF(AND(ISNUMBER(J95),J95>=0,ISNUMBER(K95),K95>=0,ISNUMBER(L95),L95>=0,ISNUMBER(M95),M95>=0,ISNUMBER(N95),N95>=0,ISNUMBER(O95),O95>=0),"Valid","Invalid") -> Valid | AN95: =IF(AND(ISNUMBER(P95),P95>=0,ISNUMBER(Q95),Q95>=0,ISNUMBER(R95),R95>=0,ISNUMBER(S95),S95>=0,ISNUMBER(T95),T95>=0),"Valid","Invalid") -> Valid | AO95: =IF(AND(U95<=1,V95<=1,W95<=1,X95<=1,Y95<=1),"Valid","Invalid") -> Valid | AP95: =IF(OR(Z95=0,Z95=1),"Valid","Invalid") -> Valid | AQ95: =IF(Audit_Data[[#This Row],[Z_CostContact]]=3,"Valid","Invalid") -> Valid | AR95: =IF(AB95=11,"Valid","Invalid") -> Valid | AS95: =IF(OR(AC95=0,AC95=1),"Valid","Invalid") -> Valid
A96: 2230 | B96: 1970 | C96: PhD | D96: Married | E96: 23626 | F96: 1 | G96: 0 | H96: 41783 | I96: 84 | J96: 27 | K96: 2 | L96: 14 | M96: 0 | N96: 0 | O96: 0 | P96: 3 | Q96: 3 | R96: 1 | S96: 3 | T96: 5 | U96: 0 | V96: 0 | W96: 0 | X96: 0 | Y96: 0 | Z96: 0 | AA96: 3 | AB96: 11 | AC96: 0 | AD96: =IF(COUNTIF(A:A,A96)>1,"Duplicate","Ok") -> Ok | AE96: =IF(AND(Audit_Data[[#This Row],[Year_Birth]]>=1900,Audit_Data[[#This Row],[Year_Birth]]<=2010),"OK","Invalid") -> OK | AF96: =IF(OR(C96="Graduation",C96="phD",C96="Master",C96="Basic",C96="2n Cycle"),"Valid","Invalid") -> Valid | AG96: =IF(OR(D96="Single",D96="Married",D96="Divorced",D96="Together",D96="Widow",D96="Alone"),"Valid","Invalid") -> Valid | AH96: =IF(AND(ISNUMBER(E96),E96<>""),"Valid","Invalid") -> Valid | AI96: =IF(AND(F96>=0,F96<=2),"Valid","Invalid") -> Valid | AJ96: =IF(AND(G96>=0,G96<=2),"Valid","Invalid") -> Valid | AK96: =IF(AND(ISNUMBER(H96),H96>=DATE(2012,1,1),H96<=DATE(2014,12,31)),"Valid ","Invalid") -> Valid | AL96: =IF(AND(Audit_Data[[#This Row],[Recency]]>=0,Audit_Data[[#This Row],[Recency]]<=100),"Valid","Invalid") -> Valid | AM96: =IF(AND(ISNUMBER(J96),J96>=0,ISNUMBER(K96),K96>=0,ISNUMBER(L96),L96>=0,ISNUMBER(M96),M96>=0,ISNUMBER(N96),N96>=0,ISNUMBER(O96),O96>=0),"Valid","Invalid") -> Valid | AN96: =IF(AND(ISNUMBER(P96),P96>=0,ISNUMBER(Q96),Q96>=0,ISNUMBER(R96),R96>=0,ISNUMBER(S96),S96>=0,ISNUMBER(T96),T96>=0),"Valid","Invalid") -> Valid | AO96: =IF(AND(U96<=1,V96<=1,W96<=1,X96<=1,Y96<=1),"Valid","Invalid") -> Valid | AP96: =IF(OR(Z96=0,Z96=1),"Valid","Invalid") -> Valid | AQ96: =IF(Audit_Data[[#This Row],[Z_CostContact]]=3,"Valid","Invalid") -> Valid | AR96: =IF(AB96=11,"Valid","Invalid") -> Valid | AS96: =IF(OR(AC96=0,AC96=1),"Valid","Invalid") -> Valid
A97: 7516 | B97: 1983 | C97: Graduation | D97: Married | E97: 30096 | F97: 1 | G97: 0 | H97: 41781 | I97: 30 | J97: 5 | K97: 3 | L97: 11 | M97: 12 | N97: 5 | O97: 9 | P97: 1 | Q97: 2 | R97: 0 | S97: 3 | T97: 6 | U97: 0 | V97: 0 | W97: 0 | X97: 0 | Y97: 0 | Z97: 0 | AA97: 3 | AB97: 11 | AC97: 0 | AD97: =IF(COUNTIF(A:A,A97)>1,"Duplicate","Ok") -> Ok | AE97: =IF(AND(Audit_Data[[#This Row],[Year_Birth]]>=1900,Audit_Data[[#This Row],[Year_Birth]]<=2010),"OK","Invalid") -> OK | AF97: =IF(OR(C97="Graduation",C97="phD",C97="Master",C97="Basic",C97="2n Cycle"),"Valid","Invalid") -> Valid | AG97: =IF(OR(D97="Single",D97="Married",D97="Divorced",D97="Together",D97="Widow",D97="Alone"),"Valid","Invalid") -> Valid | AH97: =IF(AND(ISNUMBER(E97),E97<>""),"Valid","Invalid") -> Valid | AI97: =IF(AND(F97>=0,F97<=2),"Valid","Invalid") -> Valid | AJ97: =IF(AND(G97>=0,G97<=2),"Valid","Invalid") -> Valid | AK97: =IF(AND(ISNUMBER(H97),H97>=DATE(2012,1,1),H97<=DATE(2014,12,31)),"Valid ","Invalid") -> Valid | AL97: =IF(AND(Audit_Data[[#This Row],[Recency]]>=0,Audit_Data[[#This Row],[Recency]]<=100),"Valid","Invalid") -> Valid | AM97: =IF(AND(ISNUMBER(J97),J97>=0,ISNUMBER(K97),K97>=0,ISNUMBER(L97),L97>=0,ISNUMBER(M97),M97>=0,ISNUMBER(N97),N97>=0,ISNUMBER(O97),O97>=0),"Valid","Invalid") -> Valid | AN97: =IF(AND(ISNUMBER(P97),P97>=0,ISNUMBER(Q97),Q97>=0,ISNUMBER(R97),R97>=0,ISNUMBER(S97),S97>=0,ISNUMBER(T97),T97>=0),"Valid","Invalid") -> Valid | AO97: =IF(AND(U97<=1,V97<=1,W97<=1,X97<=1,Y97<=1),"Valid","Invalid") -> Valid | AP97: =IF(OR(Z97=0,Z97=1),"Valid","Invalid") -> Valid | AQ97: =IF(Audit_Data[[#This Row],[Z_CostContact]]=3,"Valid","Invalid") -> Valid | AR97: =IF(AB97=11,"Valid","Invalid") -> Valid | AS97: =IF(OR(AC97=0,AC97=1),"Valid","Invalid") -> Valid
A98: 7247 | B98: 1960 | C98: Graduation | D98: Widow | E98: 47916 | F98: 0 | G98: 1 | H98: 41235 | I98: 72 | J98: 505 | K98: 0 | L98: 26 | M98: 0 | N98: 0 | O98: 75 | P98: 5 | Q98: 7 | R98: 4 | S98: 6 | T98: 6 | U98: 0 | V98: 1 | W98: 0 | X98: 0 | Y98: 0 | Z98: 0 | AA98: 3 | AB98: 11 | AC98: 0 | AD98: =IF(COUNTIF(A:A,A98)>1,"Duplicate","Ok") -> Ok | AE98: =IF(AND(Audit_Data[[#This Row],[Year_Birth]]>=1900,Audit_Data[[#This Row],[Year_Birth]]<=2010),"OK","Invalid") -> OK | AF98: =IF(OR(C98="Graduation",C98="phD",C98="Master",C98="Basic",C98="2n Cycle"),"Valid","Invalid") -> Valid | AG98: =IF(OR(D98="Single",D98="Married",D98="Divorced",D98="Together",D98="Widow",D98="Alone"),"Valid","Invalid") -> Valid | AH98: =IF(AND(ISNUMBER(E98),E98<>""),"Valid","Invalid") -> Valid | AI98: =IF(AND(F98>=0,F98<=2),"Valid","Invalid") -> Valid | AJ98: =IF(AND(G98>=0,G98<=2),"Valid","Invalid") -> Valid | AK98: =IF(AND(ISNUMBER(H98),H98>=DATE(2012,1,1),H98<=DATE(2014,12,31)),"Valid ","Invalid") -> Valid | AL98: =IF(AND(Audit_Data[[#This Row],[Recency]]>=0,Audit_Data[[#This Row],[Recency]]<=100),"Valid","Invalid") -> Valid | AM98: =IF(AND(ISNUMBER(J98),J98>=0,ISNUMBER(K98),K98>=0,ISNUMBER(L98),L98>=0,ISNUMBER(M98),M98>=0,ISNUMBER(N98),N98>=0,ISNUMBER(O98),O98>=0),"Valid","Invalid") -> Valid | AN98: =IF(AND(ISNUMBER(P98),P98>=0,ISNUMBER(Q98),Q98>=0,ISNUMBER(R98),R98>=0,ISNUMBER(S98),S98>=0,ISNUMBER(T98),T98>=0),"Valid","Invalid") -> Valid | AO98: =IF(AND(U98<=1,V98<=1,W98<=1,X98<=1,Y98<=1),"Valid","Invalid") -> Valid | AP98: =IF(OR(Z98=0,Z98=1),"Valid","Invalid") -> Valid | AQ98: =IF(Audit_Data[[#This Row],[Z_CostContact]]=3,"Valid","Invalid") -> Valid | AR98: =IF(AB98=11,"Valid","Invalid") -> Valid | AS98: =IF(OR(AC98=0,AC98=1),"Valid","Invalid") -> Valid
A99: 11100 | B99: 1972 | C99: Graduation | D99: Divorced | E99: 51813 | F99: 1 | G99: 1 | H99: 41375 | I99: 37 | J99: 51 | K99: 2 | L99: 7 | M99: 0 | N99: 1 | O99: 2 | P99: 2 | Q99: 2 | R99: 0 | S99: 3 | T99: 7 | U99: 0 | V99: 0 | W99: 0 | X99: 0 | Y99: 0 | Z99: 0 | AA99: 3 | AB99: 11 | AC99: 0 | AD99: =IF(COUNTIF(A:A,A99)>1,"Duplicate","Ok") -> Ok | AE99: =IF(AND(Audit_Data[[#This Row],[Year_Birth]]>=1900,Audit_Data[[#This Row],[Year_Birth]]<=2010),"OK","Invalid") -> OK | AF99: =IF(OR(C99="Graduation",C99="phD",C99="Master",C99="Basic",C99="2n Cycle"),"Valid","Invalid") -> Valid | AG99: =IF(OR(D99="Single",D99="Married",D99="Divorced",D99="Together",D99="Widow",D99="Alone"),"Valid","Invalid") -> Valid | AH99: =IF(AND(ISNUMBER(E99),E99<>""),"Valid","Invalid") -> Valid | AI99: =IF(AND(F99>=0,F99<=2),"Valid","Invalid") -> Valid | AJ99: =IF(AND(G99>=0,G99<=2),"Valid","Invalid") -> Valid | AK99: =IF(AND(ISNUMBER(H99),H99>=DATE(2012,1,1),H99<=DATE(2014,12,31)),"Valid ","Invalid") -> Valid | AL99: =IF(AND(Audit_Data[[#This Row],[Recency]]>=0,Audit_Data[[#This Row],[Recency]]<=100),"Valid","Invalid") -> Valid | AM99: =IF(AND(ISNUMBER(J99),J99>=0,ISNUMBER(K99),K99>=0,ISNUMBER(L99),L99>=0,ISNUMBER(M99),M99>=0,ISNUMBER(N99),N99>=0,ISNUMBER(O99),O99>=0),"Valid","Invalid") -> Valid | AN99: =IF(AND(ISNUMBER(P99),P99>=0,ISNUMBER(Q99),Q99>=0,ISNUMBER(R99),R99>=0,ISNUMBER(S99),S99>=0,ISNUMBER(T99),T99>=0),"Valid","Invalid") -> Valid | AO99: =IF(AND(U99<=1,V99<=1,W99<=1,X99<=1,Y99<=1),"Valid","Invalid") -> Valid | AP99: =IF(OR(Z99=0,Z99=1),"Valid","Invalid") -> Valid | AQ99: =IF(Audit_Data[[#This Row],[Z_CostContact]]=3,"Valid","Invalid") -> Valid | AR99: =IF(AB99=11,"Valid","Invalid") -> Valid | AS99: =IF(OR(AC99=0,AC99=1),"Valid","Invalid") -> Valid
A100: 4646 | B100: 1951 | C100: 2n Cycle | D100: Married | E100: 78497 | F100: 0 | G100: 0 | H100: 41609 | I100: 44 | J100: 207 | K100: 26 | L100: 447 | M100: 75 | N100: 0 | O100: 223 | P100: 1 | Q100: 5 | R100: 7 | S100: 12 | T100: 2 | U100: 0 | V100: 0 | W100: 0 | X100: 1 | Y100: 0 | Z100: 0 | AA100: 3 | AB100: 11 | AC100: 0 | AD100: =IF(COUNTIF(A:A,A100)>1,"Duplicate","Ok") -> Ok | AE100: =IF(AND(Audit_Data[[#This Row],[Year_Birth]]>=1900,Audit_Data[[#This Row],[Year_Birth]]<=2010),"OK","Invalid") -> OK | AF100: =IF(OR(C100="Graduation",C100="phD",C100="Master",C100="Basic",C100="2n Cycle"),"Valid","Invalid") -> Valid | AG100: =IF(OR(D100="Single",D100="Married",D100="Divorced",D100="Together",D100="Widow",D100="Alone"),"Valid","Invalid") -> Valid | AH100: =IF(AND(ISNUMBER(E100),E100<>""),"Valid","Invalid") -> Valid | AI100: =IF(AND(F100>=0,F100<=2),"Valid","Invalid") -> Valid | AJ100: =IF(AND(G100>=0,G100<=2),"Valid","Invalid") -> Valid | AK100: =IF(AND(ISNUMBER(H100),H100>=DATE(2012,1,1),H100<=DATE(2014,12,31)),"Valid ","Invalid") -> Valid | AL100: =IF(AND(Audit_Data[[#This Row],[Recency]]>=0,Audit_Data[[#This Row],[Recency]]<=100),"Valid","Invalid") -> Valid | AM100: =IF(AND(ISNUMBER(J100),J100>=0,ISNUMBER(K100),K100>=0,ISNUMBER(L100),L100>=0,ISNUMBER(M100),M100>=0,ISNUMBER(N100),N100>=0,ISNUMBER(O100),O100>=0),"Valid","Invalid") -> Valid | AN100: =IF(AND(ISNUMBER(P100),P100>=0,ISNUMBER(Q100),Q100>=0,ISNUMBER(R100),R100>=0,ISNUMBER(S100),S100>=0,ISNUMBER(T100),T100>=0),"Valid","Invalid") -> Valid | AO100: =IF(AND(U100<=1,V100<=1,W100<=1,X100<=1,Y100<=1),"Valid","Invalid") -> Valid | AP100: =IF(OR(Z100=0,Z100=1),"Valid","Invalid") -> Valid | AQ100: =IF(Audit_Data[[#This Row],[Z_CostContact]]=3,"Valid","Invalid") -> Valid | AR100: =IF(AB100=11,"Valid","Invalid") -> Valid | AS100: =IF(OR(AC100=0,AC100=1),"Valid","Invalid") -> Valid
A101: 3037 | B101: 1983 | C101: PhD | D101: Married | E101: 50150 | F101: 0 | G101: 0 | H101: 41445 | I101: 32 | J101: 135 | K101: 46 | L101: 92 | M101: 65 | N101: 61 | O101: 11 | P101: 2 | Q101: 5 | R101: 2 | S101: 7 | T101: 5 | U101: 0 | V101: 0 | W101: 0 | X101: 0 | Y101: 0 | Z101: 0 | AA101: 3 | AB101: 11 | AC101: 0 | AD101: =IF(COUNTIF(A:A,A101)>1,"Duplicate","Ok") -> Ok | AE101: =IF(AND(Audit_Data[[#This Row],[Year_Birth]]>=1900,Audit_Data[[#This Row],[Year_Birth]]<=2010),"OK","Invalid") -> OK | AF101: =IF(OR(C101="Graduation",C101="phD",C101="Master",C101="Basic",C101="2n Cycle"),"Valid","Invalid") -> Valid | AG101: =IF(OR(D101="Single",D101="Married",D101="Divorced",D101="Together",D101="Widow",D101="Alone"),"Valid","Invalid") -> Valid | AH101: =IF(AND(ISNUMBER(E101),E101<>""),"Valid","Invalid") -> Valid | AI101: =IF(AND(F101>=0,F101<=2),"Valid","Invalid") -> Valid | AJ101: =IF(AND(G101>=0,G101<=2),"Valid","Invalid") -> Valid | AK101: =IF(AND(ISNUMBER(H101),H101>=DATE(2012,1,1),H101<=DATE(2014,12,31)),"Valid ","Invalid") -> Valid | AL101: =IF(AND(Audit_Data[[#This Row],[Recency]]>=0,Audit_Data[[#This Row],[Recency]]<=100),"Valid","Invalid") -> Valid | AM101: =IF(AND(ISNUMBER(J101),J101>=0,ISNUMBER(K101),K101>=0,ISNUMBER(L101),L101>=0,ISNUMBER(M101),M101>=0,ISNUMBER(N101),N101>=0,ISNUMBER(O101),O101>=0),"Valid","Invalid") -> Valid | AN101: =IF(AND(ISNUMBER(P101),P101>=0,ISNUMBER(Q101),Q101>=0,ISNUMBER(R101),R101>=0,ISNUMBER(S101),S101>=0,ISNUMBER(T101),T101>=0),"Valid","Invalid") -> Valid | AO101: =IF(AND(U101<=1,V101<=1,W101<=1,X101<=1,Y101<=1),"Valid","Invalid") -> Valid | AP101: =IF(OR(Z101=0,Z101=1),"Valid","Invalid") -> Valid | AQ101: =IF(Audit_Data[[#This Row],[Z_CostContact]]=3,"Valid","Invalid") -> Valid | AR101: =IF(AB101=11,"Valid","Invalid") -> Valid | AS101: =IF(OR(AC101=0,AC101=1),"Valid","Invalid") -> Valid
A102: 1473 | B102: 1960 | C102: 2n Cycle | D102: Single | E102: 47823 | F102: 0 | G102: 1 | H102: 41478 | I102: 0 | J102: 53 | K102: 1 | L102: 5 | M102: 2 | N102: 1 | O102: 10 | P102: 2 | Q102: 2 | R102: 0 | S102: 3 | T102: 8 | U102: 0 | V102: 0 | W102: 0 | X102: 0 | Y102: 0 | Z102: 0 | AA102: 3 | AB102: 11 | AC102: 0 | AD102: =IF(COUNTIF(A:A,A102)>1,"Duplicate","Ok") -> Ok | AE102: =IF(AND(Audit_Data[[#This Row],[Year_Birth]]>=1900,Audit_Data[[#This Row],[Year_Birth]]<=2010),"OK","Invalid") -> OK | AF102: =IF(OR(C102="Graduation",C102="phD",C102="Master",C102="Basic",C102="2n Cycle"),"Valid","Invalid") -> Valid | AG102: =IF(OR(D102="Single",D102="Married",D102="Divorced",D102="Together",D102="Widow",D102="Alone"),"Valid","Invalid") -> Valid | AH102: =IF(AND(ISNUMBER(E102),E102<>""),"Valid","Invalid") -> Valid | AI102: =IF(AND(F102>=0,F102<=2),"Valid","Invalid") -> Valid | AJ102: =IF(AND(G102>=0,G102<=2),"Valid","Invalid") -> Valid | AK102: =IF(AND(ISNUMBER(H102),H102>=DATE(2012,1,1),H102<=DATE(2014,12,31)),"Valid ","Invalid") -> Valid | AL102: =IF(AND(Audit_Data[[#This Row],[Recency]]>=0,Audit_Data[[#This Row],[Recency]]<=100),"Valid","Invalid") -> Valid | AM102: =IF(AND(ISNUMBER(J102),J102>=0,ISNUMBER(K102),K102>=0,ISNUMBER(L102),L102>=0,ISNUMBER(M102),M102>=0,ISNUMBER(N102),N102>=0,ISNUMBER(O102),O102>=0),"Valid","Invalid") -> Valid | AN102: =IF(AND(ISNUMBER(P102),P102>=0,ISNUMBER(Q102),Q102>=0,ISNUMBER(R102),R102>=0,ISNUMBER(S102),S102>=0,ISNUMBER(T102),T102>=0),"Valid","Invalid") -> Valid | AO102: =IF(AND(U102<=1,V102<=1,W102<=1,X102<=1,Y102<=1),"Valid","Invalid") -> Valid | AP102: =IF(OR(Z102=0,Z102=1),"Valid","Invalid") -> Valid | AQ102: =IF(Audit_Data[[#This Row],[Z_CostContact]]=3,"Valid","Invalid") -> Valid | AR102: =IF(AB102=11,"Valid","Invalid") -> Valid | AS102: =IF(OR(AC102=0,AC102=1),"Valid","Invalid") -> Valid
A103: 1016 | B103: 1959 | C103: PhD | D103: Single | E103: 34554 | F103: 0 | G103: 1 | H103: 41728 | I103: 43 | J103: 41 | K103: 1 | L103: 6 | M103: 2 | N103: 0 | O103: 5 | P103: 2 | Q103: 2 | R103: 0 | S103: 3 | T103: 6 | U103: 0 | V103: 0 | W103: 0 | X103: 0 | Y103: 0 | Z103: 0 | AA103: 3 | AB103: 11 | AC103: 0 | AD103: =IF(COUNTIF(A:A,A103)>1,"Duplicate","Ok") -> Ok | AE103: =IF(AND(Audit_Data[[#This Row],[Year_Birth]]>=1900,Audit_Data[[#This Row],[Year_Birth]]<=2010),"OK","Invalid") -> OK | AF103: =IF(OR(C103="Graduation",C103="phD",C103="Master",C103="Basic",C103="2n Cycle"),"Valid","Invalid") -> Valid | AG103: =IF(OR(D103="Single",D103="Married",D103="Divorced",D103="Together",D103="Widow",D103="Alone"),"Valid","Invalid") -> Valid | AH103: =IF(AND(ISNUMBER(E103),E103<>""),"Valid","Invalid") -> Valid | AI103: =IF(AND(F103>=0,F103<=2),"Valid","Invalid") -> Valid | AJ103: =IF(AND(G103>=0,G103<=2),"Valid","Invalid") -> Valid | AK103: =IF(AND(ISNUMBER(H103),H103>=DATE(2012,1,1),H103<=DATE(2014,12,31)),"Valid ","Invalid") -> Valid | AL103: =IF(AND(Audit_Data[[#This Row],[Recency]]>=0,Audit_Data[[#This Row],[Recency]]<=100),"Valid","Invalid") -> Valid | AM103: =IF(AND(ISNUMBER(J103),J103>=0,ISNUMBER(K103),K103>=0,ISNUMBER(L103),L103>=0,ISNUMBER(M103),M103>=0,ISNUMBER(N103),N103>=0,ISNUMBER(O103),O103>=0),"Valid","Invalid") -> Valid | AN103: =IF(AND(ISNUMBER(P103),P103>=0,ISNUMBER(Q103),Q103>=0,ISNUMBER(R103),R103>=0,ISNUMBER(S103),S103>=0,ISNUMBER(T103),T103>=0),"Valid","Invalid") -> Valid | AO103: =IF(AND(U103<=1,V103<=1,W103<=1,X103<=1,Y103<=1),"Valid","Invalid") -> Valid | AP103: =IF(OR(Z103=0,Z103=1),"Valid","Invalid") -> Valid | AQ103: =IF(Audit_Data[[#This Row],[Z_CostContact]]=3,"Valid","Invalid") -> Valid | AR103: =IF(AB103=11,"Valid","Invalid") -> Valid | AS103: =IF(OR(AC103=0,AC103=1),"Valid","Invalid") -> Valid
A104: 4518 | B104: 1979 | C104: Graduation | D104: Together | E104: 85693 | F104: 0 | G104: 1 | H104: 41384 | I104: 59 | J104: 386 | K104: 172 | L104: 183 | M104: 185 | N104: 132 | O104: 111 | P104: 2 | Q104: 9 | R104: 5 | S104: 11 | T104: 5 | U104: 0 | V104: 0 | W104: 0 | X104: 0 | Y104: 0 | Z104: 0 | AA104: 3 | AB104: 11 | AC104: 0 | AD104: =IF(COUNTIF(A:A,A104)>1,"Duplicate","Ok") -> Ok | AE104: =IF(AND(Audit_Data[[#This Row],[Year_Birth]]>=1900,Audit_Data[[#This Row],[Year_Birth]]<=2010),"OK","Invalid") -> OK | AF104: =IF(OR(C104="Graduation",C104="phD",C104="Master",C104="Basic",C104="2n Cycle"),"Valid","Invalid") -> Valid | AG104: =IF(OR(D104="Single",D104="Married",D104="Divorced",D104="Together",D104="Widow",D104="Alone"),"Valid","Invalid") -> Valid | AH104: =IF(AND(ISNUMBER(E104),E104<>""),"Valid","Invalid") -> Valid | AI104: =IF(AND(F104>=0,F104<=2),"Valid","Invalid") -> Valid | AJ104: =IF(AND(G104>=0,G104<=2),"Valid","Invalid") -> Valid | AK104: =IF(AND(ISNUMBER(H104),H104>=DATE(2012,1,1),H104<=DATE(2014,12,31)),"Valid ","Invalid") -> Valid | AL104: =IF(AND(Audit_Data[[#This Row],[Recency]]>=0,Audit_Data[[#This Row],[Recency]]<=100),"Valid","Invalid") -> Valid | AM104: =IF(AND(ISNUMBER(J104),J104>=0,ISNUMBER(K104),K104>=0,ISNUMBER(L104),L104>=0,ISNUMBER(M104),M104>=0,ISNUMBER(N104),N104>=0,ISNUMBER(O104),O104>=0),"Valid","Invalid") -> Valid | AN104: =IF(AND(ISNUMBER(P104),P104>=0,ISNUMBER(Q104),Q104>=0,ISNUMBER(R104),R104>=0,ISNUMBER(S104),S104>=0,ISNUMBER(T104),T104>=0),"Valid","Invalid") -> Valid | AO104: =IF(AND(U104<=1,V104<=1,W104<=1,X104<=1,Y104<=1),"Valid","Invalid") -> Valid | AP104: =IF(OR(Z104=0,Z104=1),"Valid","Invalid") -> Valid | AQ104: =IF(Audit_Data[[#This Row],[Z_CostContact]]=3,"Valid","Invalid") -> Valid | AR104: =IF(AB104=11,"Valid","Invalid") -> Valid | AS104: =IF(OR(AC104=0,AC104=1),"Valid","Invalid") -> Valid
A105: 9370 | B105: 1945 | C105: PhD | D105: Married | E105: 65846 | F105: 0 | G105: 0 | H105: 41411 | I105: 68 | J105: 562 | K105: 81 | L105: 276 | M105: 80 | N105: 40 | O105: 81 | P105: 1 | Q105: 6 | R105: 3 | S105: 6 | T105: 4 | U105: 0 | V105: 0 | W105: 0 | X105: 0 | Y105: 0 | Z105: 0 | AA105: 3 | AB105: 11 | AC105: 0 | AD105: =IF(COUNTIF(A:A,A105)>1,"Duplicate","Ok") -> Ok | AE105: =IF(AND(Audit_Data[[#This Row],[Year_Birth]]>=1900,Audit_Data[[#This Row],[Year_Birth]]<=2010),"OK","Invalid") -> OK | AF105: =IF(OR(C105="Graduation",C105="phD",C105="Master",C105="Basic",C105="2n Cycle"),"Valid","Invalid") -> Valid | AG105: =IF(OR(D105="Single",D105="Married",D105="Divorced",D105="Together",D105="Widow",D105="Alone"),"Valid","Invalid") -> Valid | AH105: =IF(AND(ISNUMBER(E105),E105<>""),"Valid","Invalid") -> Valid | AI105: =IF(AND(F105>=0,F105<=2),"Valid","Invalid") -> Valid | AJ105: =IF(AND(G105>=0,G105<=2),"Valid","Invalid") -> Valid | AK105: =IF(AND(ISNUMBER(H105),H105>=DATE(2012,1,1),H105<=DATE(2014,12,31)),"Valid ","Invalid") -> Valid | AL105: =IF(AND(Audit_Data[[#This Row],[Recency]]>=0,Audit_Data[[#This Row],[Recency]]<=100),"Valid","Invalid") -> Valid | AM105: =IF(AND(ISNUMBER(J105),J105>=0,ISNUMBER(K105),K105>=0,ISNUMBER(L105),L105>=0,ISNUMBER(M105),M105>=0,ISNUMBER(N105),N105>=0,ISNUMBER(O105),O105>=0),"Valid","Invalid") -> Valid | AN105: =IF(AND(ISNUMBER(P105),P105>=0,ISNUMBER(Q105),Q105>=0,ISNUMBER(R105),R105>=0,ISNUMBER(S105),S105>=0,ISNUMBER(T105),T105>=0),"Valid","Invalid") -> Valid | AO105: =IF(AND(U105<=1,V105<=1,W105<=1,X105<=1,Y105<=1),"Valid","Invalid") -> Valid | AP105: =IF(OR(Z105=0,Z105=1),"Valid","Invalid") -> Valid | AQ105: =IF(Audit_Data[[#This Row],[Z_CostContact]]=3,"Valid","Invalid") -> Valid | AR105: =IF(AB105=11,"Valid","Invalid") -> Valid | AS105: =IF(OR(AC105=0,AC105=1),"Valid","Invalid") -> Valid
A106: 8908 | B106: 1959 | C106: Graduation | D106: Married | E106: 87195 | F106: 0 | G106: 0 | H106: 41767 | I106: 35 | J106: 217 | K106: 76 | L106: 690 | M106: 50 | N106: 26 | O106: 38 | P106: 1 | Q106: 3 | R106: 11 | S106: 5 | T106: 1 | U106: 0 | V106: 0 | W106: 0 | X106: 0 | Y106: 0 | Z106: 0 | AA106: 3 | AB106: 11 | AC106: 1 | AD106: =IF(COUNTIF(A:A,A106)>1,"Duplicate","Ok") -> Ok | AE106: =IF(AND(Audit_Data[[#This Row],[Year_Birth]]>=1900,Audit_Data[[#This Row],[Year_Birth]]<=2010),"OK","Invalid") -> OK | AF106: =IF(OR(C106="Graduation",C106="phD",C106="Master",C106="Basic",C106="2n Cycle"),"Valid","Invalid") -> Valid | AG106: =IF(OR(D106="Single",D106="Married",D106="Divorced",D106="Together",D106="Widow",D106="Alone"),"Valid","Invalid") -> Valid | AH106: =IF(AND(ISNUMBER(E106),E106<>""),"Valid","Invalid") -> Valid | AI106: =IF(AND(F106>=0,F106<=2),"Valid","Invalid") -> Valid | AJ106: =IF(AND(G106>=0,G106<=2),"Valid","Invalid") -> Valid | AK106: =IF(AND(ISNUMBER(H106),H106>=DATE(2012,1,1),H106<=DATE(2014,12,31)),"Valid ","Invalid") -> Valid | AL106: =IF(AND(Audit_Data[[#This Row],[Recency]]>=0,Audit_Data[[#This Row],[Recency]]<=100),"Valid","Invalid") -> Valid | AM106: =IF(AND(ISNUMBER(J106),J106>=0,ISNUMBER(K106),K106>=0,ISNUMBER(L106),L106>=0,ISNUMBER(M106),M106>=0,ISNUMBER(N106),N106>=0,ISNUMBER(O106),O106>=0),"Valid","Invalid") -> Valid | AN106: =IF(AND(ISNUMBER(P106),P106>=0,ISNUMBER(Q106),Q106>=0,ISNUMBER(R106),R106>=0,ISNUMBER(S106),S106>=0,ISNUMBER(T106),T106>=0),"Valid","Invalid") -> Valid | AO106: =IF(AND(U106<=1,V106<=1,W106<=1,X106<=1,Y106<=1),"Valid","Invalid") -> Valid | AP106: =IF(OR(Z106=0,Z106=1),"Valid","Invalid") -> Valid | AQ106: =IF(Audit_Data[[#This Row],[Z_CostContact]]=3,"Valid","Invalid") -> Valid | AR106: =IF(AB106=11,"Valid","Invalid") -> Valid | AS106: =IF(OR(AC106=0,AC106=1),"Valid","Invalid") -> Valid
... A129: 3381 | B129: 1953 | C129: Master | D129: Married | E129: 54348 | F129: 1 | G129: 1 | H129: 41798 | I129: 51 | J129: 70 | K129: 0 | L129: 16 | M129: 0 | N129: 0 | O129: 4 | P129: 2 | Q129: 2 | R129: 0 | S129: 4 | T129: 6 | U129: 0 | V129: 0 | W129: 0 | X129: 0 | Y129: 0 | Z129: 0 | AA129: 3 | AB129: 11 | AC129: 0 | AD129: =IF(COUNTIF(A:A,A129)>1,"Duplicate","Ok") -> Ok | AE129: =IF(AND(Audit_Data[[#This Row],[Year_Birth]]>=1900,Audit_Data[[#This Row],[Year_Birth]]<=2010),"OK","Invalid") -> OK | AF129: =IF(OR(C129="Graduation",C129="phD",C129="Master",C129="Basic",C129="2n Cycle"),"Valid","Invalid") -> Valid | AG129: =IF(OR(D129="Single",D129="Married",D129="Divorced",D129="Together",D129="Widow",D129="Alone"),"Valid","Invalid") -> Valid | AH129: =IF(AND(ISNUMBER(E129),E129<>""),"Valid","Invalid") -> Valid | AI129: =IF(AND(F129>=0,F129<=2),"Valid","Invalid") -> Valid | AJ129: =IF(AND(G129>=0,G129<=2),"Valid","Invalid") -> Valid | AK129: =IF(AND(ISNUMBER(H129),H129>=DATE(2012,1,1),H129<=DATE(2014,12,31)),"Valid ","Invalid") -> Valid | AL129: =IF(AND(Audit_Data[[#This Row],[Recency]]>=0,Audit_Data[[#This Row],[Recency]]<=100),"Valid","Invalid") -> Valid | AM129: =IF(AND(ISNUMBER(J129),J129>=0,ISNUMBER(K129),K129>=0,ISNUMBER(L129),L129>=0,ISNUMBER(M129),M129>=0,ISNUMBER(N129),N129>=0,ISNUMBER(O129),O129>=0),"Valid","Invalid") -> Valid | AN129: =IF(AND(ISNUMBER(P129),P129>=0,ISNUMBER(Q129),Q129>=0,ISNUMBER(R129),R129>=0,ISNUMBER(S129),S129>=0,ISNUMBER(T129),T129>=0),"Valid","Invalid") -> Valid | AO129: =IF(AND(U129<=1,V129<=1,W129<=1,X129<=1,Y129<=1),"Valid","Invalid") -> Valid | AP129: =IF(OR(Z129=0,Z129=1),"Valid","Invalid") -> Valid | AQ129: =IF(Audit_Data[[#This Row],[Z_CostContact]]=3,"Valid","Invalid") -> Valid | AR129: =IF(AB129=11,"Valid","Invalid") -> Valid | AS129: =IF(OR(AC129=0,AC129=1),"Valid","Invalid") -> Valid
A130: 8268 | B130: 1961 | C130: PhD | D130: Married | F130: 0 | G130: 1 | H130: 41466 | I130: 23 | J130: 352 | K130: 0 | L130: 27 | M130: 10 | N130: 0 | O130: 15 | P130: 3 | Q130: 6 | R130: 1 | S130: 7 | T130: 6 | U130: 0 | V130: 0 | W130: 0 | X130: 0 | Y130: 0 | Z130: 0 | AA130: 3 | AB130: 11 | AC130: 0 | AD130: =IF(COUNTIF(A:A,A130)>1,"Duplicate","Ok") -> Ok | AE130: =IF(AND(Audit_Data[[#This Row],[Year_Birth]]>=1900,Audit_Data[[#This Row],[Year_Birth]]<=2010),"OK","Invalid") -> OK | AF130: =IF(OR(C130="Graduation",C130="phD",C130="Master",C130="Basic",C130="2n Cycle"),"Valid","Invalid") -> Valid | AG130: =IF(OR(D130="Single",D130="Married",D130="Divorced",D130="Together",D130="Widow",D130="Alone"),"Valid","Invalid") -> Valid | AH130: =IF(AND(ISNUMBER(E130),E130<>""),"Valid","Invalid") -> Invalid | AI130: =IF(AND(F130>=0,F130<=2),"Valid","Invalid") -> Valid | AJ130: =IF(AND(G130>=0,G130<=2),"Valid","Invalid") -> Valid | AK130: =IF(AND(ISNUMBER(H130),H130>=DATE(2012,1,1),H130<=DATE(2014,12,31)),"Valid ","Invalid") -> Valid | AL130: =IF(AND(Audit_Data[[#This Row],[Recency]]>=0,Audit_Data[[#This Row],[Recency]]<=100),"Valid","Invalid") -> Valid | AM130: =IF(AND(ISNUMBER(J130),J130>=0,ISNUMBER(K130),K130>=0,ISNUMBER(L130),L130>=0,ISNUMBER(M130),M130>=0,ISNUMBER(N130),N130>=0,ISNUMBER(O130),O130>=0),"Valid","Invalid") -> Valid | AN130: =IF(AND(ISNUMBER(P130),P130>=0,ISNUMBER(Q130),Q130>=0,ISNUMBER(R130),R130>=0,ISNUMBER(S130),S130>=0,ISNUMBER(T130),T130>=0),"Valid","Invalid") -> Valid | AO130: =IF(AND(U130<=1,V130<=1,W130<=1,X130<=1,Y130<=1),"Valid","Invalid") -> Valid | AP130: =IF(OR(Z130=0,Z130=1),"Valid","Invalid") -> Valid | AQ130: =IF(Audit_Data[[#This Row],[Z_CostContact]]=3,"Valid","Invalid") -> Valid | AR130: =IF(AB130=11,"Valid","Invalid") -> Valid | AS130: =IF(OR(AC130=0,AC130=1),"Valid","Invalid") -> Valid
A131: 11051 | B131: 1956 | C131: PhD | D131: Together | E131: 77376 | F131: 1 | G131: 1 | H131: 41769 | I131: 72 | J131: 492 | K131: 19 | L131: 110 | M131: 16 | N131: 12 | O131: 12 | P131: 4 | Q131: 6 | R131: 3 | S131: 10 | T131: 4 | U131: 0 | V131: 0 | W131: 0 | X131: 0 | Y131: 0 | Z131: 0 | AA131: 3 | AB131: 11 | AC131: 0 | AD131: =IF(COUNTIF(A:A,A131)>1,"Duplicate","Ok") -> Ok | AE131: =IF(AND(Audit_Data[[#This Row],[Year_Birth]]>=1900,Audit_Data[[#This Row],[Year_Birth]]<=2010),"OK","Invalid") -> OK | AF131: =IF(OR(C131="Graduation",C131="phD",C131="Master",C131="Basic",C131="2n Cycle"),"Valid","Invalid") -> Valid | AG131: =IF(OR(D131="Single",D131="Married",D131="Divorced",D131="Together",D131="Widow",D131="Alone"),"Valid","Invalid") -> Valid | AH131: =IF(AND(ISNUMBER(E131),E131<>""),"Valid","Invalid") -> Valid | AI131: =IF(AND(F131>=0,F131<=2),"Valid","Invalid") -> Valid | AJ131: =IF(AND(G131>=0,G131<=2),"Valid","Invalid") -> Valid | AK131: =IF(AND(ISNUMBER(H131),H131>=DATE(2012,1,1),H131<=DATE(2014,12,31)),"Valid ","Invalid") -> Valid | AL131: =IF(AND(Audit_Data[[#This Row],[Recency]]>=0,Audit_Data[[#This Row],[Recency]]<=100),"Valid","Invalid") -> Valid | AM131: =IF(AND(ISNUMBER(J131),J131>=0,ISNUMBER(K131),K131>=0,ISNUMBER(L131),L131>=0,ISNUMBER(M131),M131>=0,ISNUMBER(N131),N131>=0,ISNUMBER(O131),O131>=0),"Valid","Invalid") -> Valid | AN131: =IF(AND(ISNUMBER(P131),P131>=0,ISNUMBER(Q131),Q131>=0,ISNUMBER(R131),R131>=0,ISNUMBER(S131),S131>=0,ISNUMBER(T131),T131>=0),"Valid","Invalid") -> Valid | AO131: =IF(AND(U131<=1,V131<=1,W131<=1,X131<=1,Y131<=1),"Valid","Invalid") -> Valid | AP131: =IF(OR(Z131=0,Z131=1),"Valid","Invalid") -> Valid | AQ131: =IF(Audit_Data[[#This Row],[Z_CostContact]]=3,"Valid","Invalid") -> Valid | AR131: =IF(AB131=11,"Valid","Invalid") -> Valid | AS131: =IF(OR(AC131=0,AC131=1),"Valid","Invalid") -> Valid
A132: 8026 | B132: 1952 | C132: Graduation | D132: Married | E132: 62998 | F132: 0 | G132: 1 | H132: 41547 | I132: 10 | J132: 120 | K132: 58 | L132: 73 | M132: 65 | N132: 89 | O132: 58 | P132: 5 | Q132: 5 | R132: 4 | S132: 5 | T132: 5 | U132: 0 | V132: 0 | W132: 0 | X132: 0 | Y132: 0 | Z132: 0 | AA132: 3 | AB132: 11 | AC132: 0 | AD132: =IF(COUNTIF(A:A,A132)>1,"Duplicate","Ok") -> Ok | AE132: =IF(AND(Audit_Data[[#This Row],[Year_Birth]]>=1900,Audit_Data[[#This Row],[Year_Birth]]<=2010),"OK","Invalid") -> OK | AF132: =IF(OR(C132="Graduation",C132="phD",C132="Master",C132="Basic",C132="2n Cycle"),"Valid","Invalid") -> Valid | AG132: =IF(OR(D132="Single",D132="Married",D132="Divorced",D132="Together",D132="Widow",D132="Alone"),"Valid","Invalid") -> Valid | AH132: =IF(AND(ISNUMBER(E132),E132<>""),"Valid","Invalid") -> Valid | AI132: =IF(AND(F132>=0,F132<=2),"Valid","Invalid") -> Valid | AJ132: =IF(AND(G132>=0,G132<=2),"Valid","Invalid") -> Valid | AK132: =IF(AND(ISNUMBER(H132),H132>=DATE(2012,1,1),H132<=DATE(2014,12,31)),"Valid ","Invalid") -> Valid | AL132: =IF(AND(Audit_Data[[#This Row],[Recency]]>=0,Audit_Data[[#This Row],[Recency]]<=100),"Valid","Invalid") -> Valid | AM132: =IF(AND(ISNUMBER(J132),J132>=0,ISNUMBER(K132),K132>=0,ISNUMBER(L132),L132>=0,ISNUMBER(M132),M132>=0,ISNUMBER(N132),N132>=0,ISNUMBER(O132),O132>=0),"Valid","Invalid") -> Valid | AN132: =IF(AND(ISNUMBER(P132),P132>=0,ISNUMBER(Q132),Q132>=0,ISNUMBER(R132),R132>=0,ISNUMBER(S132),S132>=0,ISNUMBER(T132),T132>=0),"Valid","Invalid") -> Valid | AO132: =IF(AND(U132<=1,V132<=1,W132<=1,X132<=1,Y132<=1),"Valid","Invalid") -> Valid | AP132: =IF(OR(Z132=0,Z132=1),"Valid","Invalid") -> Valid | AQ132: =IF(Audit_Data[[#This Row],[Z_CostContact]]=3,"Valid","Invalid") -> Valid | AR132: =IF(AB132=11,"Valid","Invalid") -> Valid | AS132: =IF(OR(AC132=0,AC132=1),"Valid","Invalid") -> Valid
...

Sheet Data_Quality_Rules
A1: Field_Name | B1: Data_Type | C1: Rule_Type | D1: Rule_Description
A2: ID | B2: Number | C2: Unique | D2: Customer ID must be unique
A3: Year_Birth | B3: Number | C3: Range | D3: Value must be between 1900 and 2010
A4: Education | B4: Text | C4: Category | D4: Allowed values: Graduation, PhD, Master, Basic, 2n Cycle
A5: Marital_Status | B5: Text | C5: Category | D5: Allowed values: Single, Married, Divorced, Together, Widow, Alone. Any other text(e.g 'Absurd','YOLO') must be flagged as Invalid.
A6: Income | B6: Number | C6: Not Null | D6: Must be a positive numeric and not blank
A7: Kidhome | B7: Number | C7: Range | D7: Allowed values: 0–2
A8: Teenhome | B8: Number | C8: Range | D8: Allowed values: 0–2
A9: Dt_Customer | B9: Date | C9: Date Validity | D9: Must be a valid date between Jan 2012 and Dec 2014
A10: Recency | B10: Number | C10: Range | D10: Value must be between 0 and 100
A11: MntWines | B11: Number | C11: Numeric | D11: Must be numeric and ≥0
A12: MntFruits | B12: Number | C12: Numeric | D12: Must be numeric and ≥0
... A30: Response | B30: Number | C30: Binary | D30: Allowed values: 0 or 1

Sheet Raw_data
A1: ID | B1: Year_Birth | C1: Education | D1: Marital_Status | E1: Income | F1: Kidhome | G1: Teenhome | H1: Dt_Customer | I1: Recency | J1: MntWines | K1: MntFruits | L1: MntMeatProducts | M1: MntFishProducts | N1: MntSweetProducts | O1: MntGoldProds | P1: NumDealsPurchases | Q1: NumWebPurchases | R1: NumCatalogPurchases | S1: NumStorePurchases | T1: NumWebVisitsMonth | U1: AcceptedCmp3 | V1: AcceptedCmp4 | W1: AcceptedCmp5 | X1: AcceptedCmp1 | Y1: AcceptedCmp2 | Z1: Complain | AA1: Z_CostContact | AB1: Z_Revenue | AC1: Response
A2: 5524 | B2: 1957 | C2: Graduation | D2: Single | E2: 58138 | F2: 0 | G2: 0 | H2: 41156 | I2: 58 | J2: 635 | K2: 88 | L2: 546 | M2: 172 | N2: 88 | O2: 88 | P2: 3 | Q2: 8 | R2: 10 | S2: 4 | T2: 7 | U2: 0 | V2: 0 | W2: 0 | X2: 0 | Y2: 0 | Z2: 0 | AA2: 3 | AB2: 11 | AC2: 1
A3: 2174 | B3: 1954 | C3: Graduation | D3: Single | E3: 46344 | F3: 1 | G3: 1 | H3: 41706 | I3: 38 | J3: 11 | K3: 1 | L3: 6 | M3: 2 | N3: 1 | O3: 6 | P3: 2 | Q3: 1 | R3: 1 | S3: 2 | T3: 5 | U3: 0 | V3: 0 | W3: 0 | X3: 0 | Y3: 0 | Z3: 0 | AA3: 3 | AB3: 11 | AC3: 0
A4: 4141 | B4: 1965 | C4: Graduation | D4: Together | E4: 71613 | F4: 0 | G4: 0 | H4: 41507 | I4: 26 | J4: 426 | K4: 49 | L4: 127 | M4: 111 | N4: 21 | O4: 42 | P4: 1 | Q4: 8 | R4: 2 | S4: 10 | T4: 4 | U4: 0 | V4: 0 | W4: 0 | X4: 0 | Y4: 0 | Z4: 0 | AA4: 3 | AB4: 11 | AC4: 0
A5: 6182 | B5: 1984 | C5: Graduation | D5: Together | E5: 26646 | F5: 1 | G5: 0 | H5: 41680 | I5: 26 | J5: 11 | K5: 4 | L5: 20 | M5: 10 | N5: 3 | O5: 5 | P5: 2 | Q5: 2 | R5: 0 | S5: 4 | T5: 6 | U5: 0 | V5: 0 | W5: 0 | X5: 0 | Y5: 0 | Z5: 0 | AA5: 3 | AB5: 11 | AC5: 0
A6: 5324 | B6: 1981 | C6: PhD | D6: Married | E6: 58293 | F6: 1 | G6: 0 | H6: 41658 | I6: 94 | J6: 173 | K6: 43 | L6: 118 | M6: 46 | N6: 27 | O6: 15 | P6: 5 | Q6: 5 | R6: 3 | S6: 6 | T6: 5 | U6: 0 | V6: 0 | W6: 0 | X6: 0 | Y6: 0 | Z6: 0 | AA6: 3 | AB6: 11 | AC6: 0
A7: 7446 | B7: 1967 | C7: Master | D7: Together | E7: 62513 | F7: 0 | G7: 1 | H7: 41526 | I7: 16 | J7: 520 | K7: 42 | L7: 98 | M7: 0 | N7: 42 | O7: 14 | P7: 2 | Q7: 6 | R7: 4 | S7: 10 | T7: 6 | U7: 0 | V7: 0 | W7: 0 | X7: 0 | Y7: 0 | Z7: 0 | AA7: 3 | AB7: 11 | AC7: 0
A8: 965 | B8: 1971 | C8: Graduation | D8: Divorced | E8: 55635 | F8: 0 | G8: 1 | H8: 41226 | I8: 34 | J8: 235 | K8: 65 | L8: 164 | M8: 50 | N8: 49 | O8: 27 | P8: 4 | Q8: 7 | R8: 3 | S8: 7 | T8: 6 | U8: 0 | V8: 0 | W8: 0 | X8: 0 | Y8: 0 | Z8: 0 | AA8: 3 | AB8: 11 | AC8: 0
A9: 6177 | B9: 1985 | C9: PhD | D9: Married | E9: 33454 | F9: 1 | G9: 0 | H9: 41402 | I9: 32 | J9: 76 | K9: 10 | L9: 56 | M9: 3 | N9: 1 | O9: 23 | P9: 2 | Q9: 4 | R9: 0 | S9: 4 | T9: 8 | U9: 0 | V9: 0 | W9: 0 | X9: 0 | Y9: 0 | Z9: 0 | AA9: 3 | AB9: 11 | AC9: 0
A10: 4855 | B10: 1974 | C10: PhD | D10: Together | E10: 30351 | F10: 1 | G10: 0 | H10: 41431 | I10: 19 | J10: 14 | K10: 0 | L10: 24 | M10: 3 | N10: 3 | O10: 2 | P10: 1 | Q10: 3 | R10: 0 | S10: 2 | T10: 9 | U10: 0 | V10: 0 | W10: 0 | X10: 0 | Y10: 0 | Z10: 0 | AA10: 3 | AB10: 11 | AC10: 1
A11: 5899 | B11: 1950 | C11: PhD | D11: Together | E11: 5648 | F11: 1 | G11: 1 | H11: 41711 | I11: 68 | J11: 28 | K11: 0 | L11: 6 | M11: 1 | N11: 1 | O11: 13 | P11: 1 | Q11: 1 | R11: 0 | S11: 0 | T11: 20 | U11: 1 | V11: 0 | W11: 0 | X11: 0 | Y11: 0 | Z11: 0 | AA11: 3 | AB11: 11 | AC11: 0
A12: 1994 | B12: 1983 | C12: Graduation | D12: Married | F12: 1 | G12: 0 | H12: 41593 | I12: 11 | J12: 5 | K12: 5 | L12: 6 | M12: 0 | N12: 2 | O12: 1 | P12: 1 | Q12: 1 | R12: 0 | S12: 2 | T12: 7 | U12: 0 | V12: 0 | W12: 0 | X12: 0 | Y12: 0 | Z12: 0 | AA12: 3 | AB12: 11 | AC12: 0
A13: 387 | B13: 1976 | C13: Basic | D13: Married | E13: 7500 | F13: 0 | G13: 0 | H13: 41226 | I13: 59 | J13: 6 | K13: 16 | L13: 11 | M13: 11 | N13: 1 | O13: 16 | P13: 1 | Q13: 2 | R13: 0 | S13: 3 | T13: 8 | U13: 0 | V13: 0 | W13: 0 | X13: 0 | Y13: 0 | Z13: 0 | AA13: 3 | AB13: 11 | AC13: 0
A14: 2125 | B14: 1959 | C14: Graduation | D14: Divorced | E14: 63033 | F14: 0 | G14: 0 | H14: 41593 | I14: 82 | J14: 194 | K14: 61 | L14: 480 | M14: 225 | N14: 112 | O14: 30 | P14: 1 | Q14: 3 | R14: 4 | S14: 8 | T14: 2 | U14: 0 | V14: 0 | W14: 0 | X14: 0 | Y14: 0 | Z14: 0 | AA14: 3 | AB14: 11 | AC14: 0
A15: 8180 | B15: 1952 | C15: Master | D15: Divorced | E15: 59354 | F15: 1 | G15: 1 | H15: 41593 | I15: 53 | J15: 233 | K15: 2 | L15: 53 | M15: 3 | N15: 5 | O15: 14 | P15: 3 | Q15: 6 | R15: 1 | S15: 5 | T15: 6 | U15: 0 | V15: 0 | W15: 0 | X15: 0 | Y15: 0 | Z15: 0 | AA15: 3 | AB15: 11 | AC15: 0
A16: 2569 | B16: 1987 | C16: Graduation | D16: Married | E16: 17323 | F16: 0 | G16: 0 | H16: 41192 | I16: 38 | J16: 3 | K16: 14 | L16: 17 | M16: 6 | N16: 1 | O16: 5 | P16: 1 | Q16: 1 | R16: 0 | S16: 3 | T16: 8 | U16: 0 | V16: 0 | W16: 0 | X16: 0 | Y16: 0 | Z16: 0 | AA16: 3 | AB16: 11 | AC16: 0
A17: 2114 | B17: 1946 | C17: PhD | D17: Single | E17: 82800 | F17: 0 | G17: 0 | H17: 41237 | I17: 23 | J17: 1006 | K17: 22 | L17: 115 | M17: 59 | N17: 68 | O17: 45 | P17: 1 | Q17: 7 | R17: 6 | S17: 12 | T17: 3 | U17: 0 | V17: 0 | W17: 1 | X17: 1 | Y17: 0 | Z17: 0 | AA17: 3 | AB17: 11 | AC17: 1
A18: 9736 | B18: 1980 | C18: Graduation | D18: Married | E18: 41850 | F18: 1 | G18: 1 | H18: 41267 | I18: 51 | J18: 53 | K18: 5 | L18: 19 | M18: 2 | N18: 13 | O18: 4 | P18: 3 | Q18: 3 | R18: 0 | S18: 3 | T18: 8 | U18: 0 | V18: 0 | W18: 0 | X18: 0 | Y18: 0 | Z18: 0 | AA18: 3 | AB18: 11 | AC18: 0
A19: 4939 | B19: 1946 | C19: Graduation | D19: Together | E19: 37760 | F19: 0 | G19: 0 | H19: 41152 | I19: 20 | J19: 84 | K19: 5 | L19: 38 | M19: 150 | N19: 12 | O19: 28 | P19: 2 | Q19: 4 | R19: 1 | S19: 6 | T19: 7 | U19: 0 | V19: 0 | W19: 0 | X19: 0 | Y19: 0 | Z19: 0 | AA19: 3 | AB19: 11 | AC19: 0
A20: 6565 | B20: 1949 | C20: Master | D20: Married | E20: 76995 | F20: 0 | G20: 1 | H20: 41361 | I20: 91 | J20: 1012 | K20: 80 | L20: 498 | M20: 0 | N20: 16 | O20: 176 | P20: 2 | Q20: 11 | R20: 4 | S20: 9 | T20: 5 | U20: 0 | V20: 0 | W20: 0 | X20: 1 | Y20: 0 | Z20: 0 | AA20: 3 | AB20: 11 | AC20: 0
A21: 2278 | B21: 1985 | C21: 2n Cycle | D21: Single | E21: 33812 | F21: 1 | G21: 0 | H21: 41216 | I21: 86 | J21: 4 | K21: 17 | L21: 19 | M21: 30 | N21: 24 | O21: 39 | P21: 2 | Q21: 2 | R21: 1 | S21: 3 | T21: 6 | U21: 0 | V21: 0 | W21: 0 | X21: 0 | Y21: 0 | Z21: 0 | AA21: 3 | AB21: 11 | AC21: 0
A22: 9360 | B22: 1982 | C22: Graduation | D22: Married | E22: 37040 | F22: 0 | G22: 0 | H22: 41129 | I22: 41 | J22: 86 | K22: 2 | L22: 73 | M22: 69 | N22: 38 | O22: 48 | P22: 1 | Q22: 4 | R22: 2 | S22: 5 | T22: 8 | U22: 0 | V22: 0 | W22: 0 | X22: 0 | Y22: 0 | Z22: 0 | AA22: 3 | AB22: 11 | AC22: 0
A23: 5376 | B23: 1979 | C23: Graduation | D23: Married | E23: 2447 | F23: 1 | G23: 0 | H23: 41280 | I23: 42 | J23: 1 | K23: 1 | L23: 1725 | M23: 1 | N23: 1 | O23: 1 | P23: 15 | Q23: 0 | R23: 28 | S23: 0 | T23: 1 | U23: 0 | V23: 0 | W23: 0 | X23: 0 | Y23: 0 | Z23: 0 | AA23: 3 | AB23: 11 | AC23: 0
A24: 1993 | B24: 1949 | C24: PhD | D24: Married | E24: 58607 | F24: 0 | G24: 1 | H24: 41266 | I24: 63 | J24: 867 | K24: 0 | L24: 86 | M24: 0 | N24: 0 | O24: 19 | P24: 3 | Q24: 2 | R24: 3 | S24: 9 | T24: 8 | U24: 0 | V24: 1 | W24: 0 | X24: 0 | Y24: 0 | Z24: 0 | AA24: 3 | AB24: 11 | AC24: 0
... A28: 2404 | B28: 1976 | C28: Graduation | D28: Married | E28: 53359 | F28: 1 | G28: 1 | H28: 41421 | I28: 4 | J28: 173 | K28: 4 | L28: 30 | M28: 3 | N28: 6 | O28: 41 | P28: 4 | Q28: 5 | R28: 1 | S28: 4 | T28: 7 | U28: 0 | V28: 0 | W28: 0 | X28: 0 | Y28: 0 | Z28: 0 | AA28: 3 | AB28: 11 | AC28: 0
A29: 5255 | B29: 1986 | C29: Graduation | D29: Single | F29: 1 | G29: 0 | H29: 41325 | I29: 19 | J29: 5 | K29: 1 | L29: 3 | M29: 3 | N29: 263 | O29: 362 | P29: 0 | Q29: 27 | R29: 0 | S29: 0 | T29: 1 | U29: 0 | V29: 0 | W29: 0 | X29: 0 | Y29: 0 | Z29: 0 | AA29: 3 | AB29: 11 | AC29: 0
A30: 9422 | B30: 1989 | C30: Graduation | D30: Married | E30: 38360 | F30: 1 | G30: 0 | H30: 41425 | I30: 26 | J30: 36 | K30: 2 | L30: 42 | M30: 20 | N30: 21 | O30: 10 | P30: 2 | Q30: 2 | R30: 1 | S30: 4 | T30: 3 | U30: 0 | V30: 0 | W30: 0 | X30: 0 | Y30: 0 | Z30: 0 | AA30: 3 | AB30: 11 | AC30: 0
A31: 1966 | B31: 1965 | C31: PhD | D31: Married | E31: 84618 | F31: 0 | G31: 0 | H31: 41600 | I31: 96 | J31: 684 | K31: 100 | L31: 801 | M31: 21 | N31: 66 | O31: 0 | P31: 1 | Q31: 6 | R31: 9 | S31: 10 | T31: 2 | U31: 0 | V31: 0 | W31: 1 | X31: 0 | Y31: 0 | Z31: 0 | AA31: 3 | AB31: 11 | AC31: 0
A32: 6864 | B32: 1989 | C32: Master | D32: Divorced | E32: 10979 | F32: 0 | G32: 0 | H32: 41781 | I32: 34 | J32: 8 | K32: 4 | L32: 10 | M32: 2 | N32: 2 | O32: 4 | P32: 2 | Q32: 3 | R32: 0 | S32: 3 | T32: 5 | U32: 0 | V32: 0 | W32: 0 | X32: 0 | Y32: 0 | Z32: 0 | AA32: 3 | AB32: 11 | AC32: 0
A33: 3033 | B33: 1963 | C33: Master | D33: Together | E33: 38620 | F33: 0 | G33: 0 | H33: 41405 | I33: 56 | J33: 112 | K33: 17 | L33: 44 | M33: 34 | N33: 22 | O33: 89 | P33: 1 | Q33: 2 | R33: 5 | S33: 3 | T33: 3 | U33: 0 | V33: 0 | W33: 0 | X33: 0 | Y33: 0 | Z33: 0 | AA33: 3 | AB33: 11 | AC33: 0
A34: 5710 | B34: 1970 | C34: Graduation | D34: Together | E34: 40548 | F34: 0 | G34: 1 | H34: 41192 | I34: 31 | J34: 110 | K34: 0 | L34: 5 | M34: 2 | N34: 0 | O34: 3 | P34: 2 | Q34: 2 | R34: 1 | S34: 4 | T34: 5 | U34: 0 | V34: 1 | W34: 0 | X34: 0 | Y34: 0 | Z34: 0 | AA34: 3 | AB34: 11 | AC34: 0
A35: 7373 | B35: 1952 | C35: PhD | D35: Divorced | E35: 46610 | F35: 0 | G35: 2 | H35: 41211 | I35: 8 | J35: 96 | K35: 12 | L35: 96 | M35: 33 | N35: 22 | O35: 43 | P35: 6 | Q35: 4 | R35: 1 | S35: 6 | T35: 6 | U35: 0 | V35: 0 | W35: 0 | X35: 0 | Y35: 0 | Z35: 0 | AA35: 3 | AB35: 11 | AC35: 1
A36: 8755 | B36: 1946 | C36: Master | D36: Married | E36: 68657 | F36: 0 | G36: 0 | H36: 41325 | I36: 4 | J36: 482 | K36: 34 | L36: 471 | M36: 119 | N36: 68 | O36: 22 | P36: 1 | Q36: 3 | R36: 5 | S36: 9 | T36: 7 | U36: 0 | V36: 0 | W36: 0 | X36: 0 | Y36: 0 | Z36: 0 | AA36: 3 | AB36: 11 | AC36: 0
A37: 10738 | B37: 1951 | C37: Master | D37: Single | E37: 49389 | F37: 1 | G37: 1 | H37: 41515 | I37: 55 | J37: 40 | K37: 0 | L37: 19 | M37: 2 | N37: 1 | O37: 3 | P37: 1 | Q37: 2 | R37: 0 | S37: 3 | T37: 7 | U37: 0 | V37: 0 | W37: 0 | X37: 0 | Y37: 0 | Z37: 0 | AA37: 3 | AB37: 11 | AC37: 0
A38: 4339 | B38: 1970 | C38: PhD | D38: Married | E38: 67353 | F38: 0 | G38: 1 | H38: 41639 | I38: 37 | J38: 702 | K38: 17 | L38: 151 | M38: 0 | N38: 8 | O38: 35 | P38: 5 | Q38: 5 | R38: 6 | S38: 12 | T38: 2 | U38: 0 | V38: 0 | W38: 0 | X38: 0 | Y38: 0 | Z38: 0 | AA38: 3 | AB38: 11 | AC38: 0
A39: 10755 | B39: 1976 | C39: 2n Cycle | D39: Married | E39: 23718 | F39: 1 | G39: 0 | H39: 41519 | I39: 76 | J39: 6 | K39: 3 | L39: 14 | M39: 15 | N39: 7 | O39: 36 | P39: 3 | Q39: 3 | R39: 1 | S39: 2 | T39: 7 | U39: 0 | V39: 0 | W39: 0 | X39: 0 | Y39: 0 | Z39: 0 | AA39: 3 | AB39: 11 | AC39: 0
A40: 8595 | B40: 1973 | C40: Graduation | D40: Widow | E40: 42429 | F40: 0 | G40: 1 | H40: 41681 | I40: 99 | J40: 55 | K40: 0 | L40: 6 | M40: 2 | N40: 0 | O40: 4 | P40: 2 | Q40: 1 | R40: 1 | S40: 3 | T40: 5 | U40: 0 | V40: 0 | W40: 0 | X40: 0 | Y40: 0 | Z40: 0 | AA40: 3 | AB40: 11 | AC40: 0
A41: 2968 | B41: 1943 | C41: PhD | D41: Divorced | E41: 48948 | F41: 0 | G41: 0 | H41: 41306 | I41: 53 | J41: 437 | K41: 8 | L41: 206 | M41: 160 | N41: 49 | O41: 42 | P41: 2 | Q41: 7 | R41: 10 | S41: 5 | T41: 6 | U41: 1 | V41: 0 | W41: 0 | X41: 0 | Y41: 0 | Z41: 0 | AA41: 3 | AB41: 11 | AC41: 1
... A44: 8430 | B44: 1957 | C44: Graduation | D44: Together | E44: 21994 | F44: 0 | G44: 1 | H44: 41267 | I44: 4 | J44: 9 | K44: 0 | L44: 6 | M44: 3 | N44: 1 | O44: 3 | P44: 1 | Q44: 0 | R44: 0 | S44: 3 | T44: 5 | U44: 0 | V44: 0 | W44: 0 | X44: 0 | Y44: 0 | Z44: 0 | AA44: 3 | AB44: 11 | AC44: 0
A45: 7281 | B45: 1959 | C45: PhD | D45: Single | F45: 0 | G45: 0 | H45: 41583 | I45: 80 | J45: 81 | K45: 11 | L45: 50 | M45: 3 | N45: 2 | O45: 39 | P45: 1 | Q45: 1 | R45: 3 | S45: 4 | T45: 2 | U45: 0 | V45: 0 | W45: 0 | X45: 0 | Y45: 0 | Z45: 0 | AA45: 3 | AB45: 11 | AC45: 0
A46: 2139 | B46: 1975 | C46: Master | D46: Married | E46: 7500 | F46: 1 | G46: 0 | H46: 41549 | I46: 19 | J46: 3 | K46: 1 | L46: 10 | M46: 3 | N46: 2 | O46: 12 | P46: 3 | Q46: 2 | R46: 0 | S46: 3 | T46: 5 | U46: 0 | V46: 0 | W46: 0 | X46: 0 | Y46: 0 | Z46: 0 | AA46: 3 | AB46: 11 | AC46: 0
A47: 1371 | B47: 1976 | C47: Graduation | D47: Single | E47: 79941 | F47: 0 | G47: 0 | H47: 41818 | I47: 72 | J47: 123 | K47: 164 | L47: 266 | M47: 227 | N47: 30 | O47: 174 | P47: 1 | Q47: 2 | R47: 4 | S47: 9 | T47: 1 | U47: 0 | V47: 0 | W47: 0 | X47: 0 | Y47: 0 | Z47: 0 | AA47: 3 | AB47: 11 | AC47: 0
A48: 9909 | B48: 1996 | C48: 2n Cycle | D48: Married | E48: 7500 | F48: 0 | G48: 0 | H48: 41222 | I48: 24 | J48: 3 | K48: 18 | L48: 14 | M48: 15 | N48: 22 | O48: 50 | P48: 3 | Q48: 3 | R48: 1 | S48: 3 | T48: 9 | U48: 0 | V48: 0 | W48: 0 | X48: 0 | Y48: 0 | Z48: 0 | AA48: 3 | AB48: 11 | AC48: 1
A49: 7286 | B49: 1968 | C49: Graduation | D49: Together | E49: 41728 | F49: 1 | G49: 0 | H49: 41418 | I49: 92 | J49: 13 | K49: 6 | L49: 15 | M49: 3 | N49: 5 | O49: 13 | P49: 1 | Q49: 2 | R49: 0 | S49: 2 | T49: 10 | U49: 0 | V49: 0 | W49: 0 | X49: 0 | Y49: 0 | Z49: 0 | AA49: 3 | AB49: 11 | AC49: 0
A50: 7244 | B50: 1951 | C50: Graduation | D50: Single | F50: 2 | G50: 1 | H50: 41640 | I50: 96 | J50: 48 | K50: 5 | L50: 48 | M50: 6 | N50: 10 | O50: 7 | P50: 3 | Q50: 2 | R50: 1 | S50: 4 | T50: 6 | U50: 0 | V50: 0 | W50: 0 | X50: 0 | Y50: 0 | Z50: 0 | AA50: 3 | AB50: 11 | AC50: 0
A51: 6566 | B51: 1954 | C51: PhD | D51: Married | E51: 72550 | F51: 1 | G51: 1 | H51: 41221 | I51: 39 | J51: 826 | K51: 50 | L51: 317 | M51: 50 | N51: 38 | O51: 38 | P51: 9 | Q51: 5 | R51: 2 | S51: 12 | T51: 8 | U51: 0 | V51: 0 | W51: 0 | X51: 0 | Y51: 0 | Z51: 0 | AA51: 3 | AB51: 11 | AC51: 0
A52: 8614 | B52: 1957 | C52: Graduation | D52: Widow | E52: 65486 | F52: 0 | G52: 1 | H52: 41771 | I52: 29 | J52: 245 | K52: 19 | L52: 125 | M52: 37 | N52: 67 | O52: 14 | P52: 1 | Q52: 4 | R52: 2 | S52: 10 | T52: 2 | U52: 0 | V52: 0 | W52: 0 | X52: 0 | Y52: 0 | Z52: 0 | AA52: 3 | AB52: 11 | AC52: 0
A53: 4114 | B53: 1964 | C53: Master | D53: Married | E53: 79143 | F53: 0 | G53: 0 | H53: 41132 | I53: 2 | J53: 650 | K53: 37 | L53: 780 | M53: 27 | N53: 167 | O53: 32 | P53: 1 | Q53: 6 | R53: 9 | S53: 13 | T53: 3 | U53: 0 | V53: 0 | W53: 0 | X53: 0 | Y53: 0 | Z53: 0 | AA53: 3 | AB53: 11 | AC53: 0
A54: 1331 | B54: 1977 | C54: Graduation | D54: Single | E54: 35790 | F54: 1 | G54: 0 | H54: 41276 | I54: 54 | J54: 12 | K54: 6 | L54: 20 | M54: 30 | N54: 1 | O54: 3 | P54: 2 | Q54: 2 | R54: 0 | S54: 3 | T54: 7 | U54: 0 | V54: 0 | W54: 0 | X54: 0 | Y54: 0 | Z54: 0 | AA54: 3 | AB54: 11 | AC54: 0
A55: 2225 | B55: 1977 | C55: Graduation | D55: Divorced | E55: 82582 | F55: 0 | G55: 0 | H55: 41797 | I55: 54 | J55: 510 | K55: 120 | L55: 550 | M55: 156 | N55: 40 | O55: 241 | P55: 1 | Q55: 4 | R55: 9 | S55: 7 | T55: 1 | U55: 1 | V55: 0 | W55: 0 | X55: 1 | Y55: 0 | Z55: 0 | AA55: 3 | AB55: 11 | AC55: 1
A56: 9381 | B56: 1978 | C56: Graduation | D56: Married | E56: 66373 | F56: 1 | G56: 1 | H56: 41437 | I56: 57 | J56: 328 | K56: 9 | L56: 124 | M56: 12 | N56: 24 | O56: 109 | P56: 7 | Q56: 4 | R56: 2 | S56: 10 | T56: 3 | U56: 0 | V56: 0 | W56: 0 | X56: 0 | Y56: 0 | Z56: 0 | AA56: 3 | AB56: 11 | AC56: 0
A57: 6260 | B57: 1955 | C57: Master | D57: Together | E57: 82384 | F57: 0 | G57: 0 | H57: 41232 | I57: 55 | J57: 984 | K57: 51 | L57: 432 | M57: 180 | N57: 120 | O57: 190 | P57: 1 | Q57: 3 | R57: 10 | S57: 13 | T57: 1 | U57: 0 | V57: 0 | W57: 1 | X57: 0 | Y57: 0 | Z57: 0 | AA57: 3 | AB57: 11 | AC57: 1
A58: 10383 | B58: 1966 | C58: Graduation | D58: Divorced | E58: 70287 | F58: 0 | G58: 0 | H58: 41366 | I58: 30 | J58: 295 | K58: 35 | L58: 482 | M58: 121 | N58: 120 | O58: 40 | P58: 1 | Q58: 5 | R58: 5 | S58: 10 | T58: 3 | U58: 0 | V58: 0 | W58: 0 | X58: 0 | Y58: 0 | Z58: 0 | AA58: 3 | AB58: 11 | AC58: 1
A59: 7437 | B59: 1988 | C59: Graduation | D59: Single | E59: 27938 | F59: 1 | G59: 0 | H59: 41757 | I59: 31 | J59: 13 | K59: 0 | L59: 8 | M59: 2 | N59: 1 | O59: 5 | P59: 1 | Q59: 1 | R59: 0 | S59: 4 | T59: 3 | U59: 0 | V59: 0 | W59: 0 | X59: 0 | Y59: 0 | Z59: 0 | AA59: 3 | AB59: 11 | AC59: 0
A60: 8557 | B60: 1982 | C60: Graduation | D60: Single | F60: 1 | G60: 0 | H60: 41442 | I60: 57 | J60: 11 | K60: 3 | L60: 22 | M60: 2 | N60: 2 | O60: 6 | P60: 2 | Q60: 2 | R60: 0 | S60: 3 | T60: 6 | U60: 0 | V60: 0 | W60: 0 | X60: 0 | Y60: 0 | Z60: 0 | AA60: 3 | AB60: 11 | AC60: 0
A61: 8375 | B61: 1968 | C61: PhD | D61: Married | E61: 55954 | F61: 0 | G61: 1 | H61: 41701 | I61: 63 | J61: 447 | K61: 0 | L61: 28 | M61: 0 | N61: 0 | O61: 43 | P61: 3 | Q61: 8 | R61: 2 | S61: 6 | T61: 7 | U61: 0 | V61: 0 | W61: 0 | X61: 0 | Y61: 0 | Z61: 0 | AA61: 3 | AB61: 11 | AC61: 0
A62: 6853 | B62: 1982 | C62: Master | D62: Single | E62: 75777 | F62: 0 | G62: 0 | H62: 41459 | I62: 12 | J62: 712 | K62: 26 | L62: 538 | M62: 69 | N62: 13 | O62: 80 | P62: 1 | Q62: 3 | R62: 6 | S62: 11 | T62: 1 | U62: 0 | V62: 1 | W62: 1 | X62: 0 | Y62: 0 | Z62: 0 | AA62: 3 | AB62: 11 | AC62: 1
A63: 3076 | B63: 1975 | C63: Graduation | D63: Together | E63: 66653 | F63: 1 | G63: 1 | H63: 41159 | I63: 18 | J63: 452 | K63: 18 | L63: 102 | M63: 16 | N63: 18 | O63: 6 | P63: 4 | Q63: 4 | R63: 2 | S63: 12 | T63: 3 | U63: 0 | V63: 0 | W63: 0 | X63: 0 | Y63: 0 | Z63: 0 | AA63: 3 | AB63: 11 | AC63: 0
A64: 1012 | B64: 1952 | C64: Graduation | D64: Single | E64: 61823 | F64: 0 | G64: 1 | H64: 41323 | I64: 26 | J64: 523 | K64: 7 | L64: 134 | M64: 37 | N64: 14 | O64: 169 | P64: 4 | Q64: 8 | R64: 2 | S64: 10 | T64: 7 | U64: 0 | V64: 0 | W64: 0 | X64: 0 | Y64: 0 | Z64: 0 | AA64: 3 | AB64: 11 | AC64: 0
A65: 6518 | B65: 1951 | C65: PhD | D65: Widow | E65: 67680 | F65: 0 | G65: 1 | H65: 41436 | I65: 8 | J65: 546 | K65: 0 | L65: 48 | M65: 0 | N65: 6 | O65: 6 | P65: 1 | Q65: 7 | R65: 3 | S65: 8 | T65: 5 | U65: 0 | V65: 0 | W65: 0 | X65: 0 | Y65: 0 | Z65: 0 | AA65: 3 | AB65: 11 | AC65: 0
A66: 4137 | B66: 1948 | C66: Graduation | D66: Together | E66: 70666 | F66: 0 | G66: 0 | H66: 41614 | I66: 29 | J66: 398 | K66: 40 | L66: 367 | M66: 119 | N66: 122 | O66: 30 | P66: 1 | Q66: 7 | R66: 4 | S66: 4 | T66: 4 | U66: 0 | V66: 0 | W66: 0 | X66: 0 | Y66: 0 | Z66: 0 | AA66: 3 | AB66: 11 | AC66: 0
A67: 8082 | B67: 1971 | C67: Graduation | D67: Married | E67: 25721 | F67: 1 | G67: 0 | H67: 41415 | I67: 75 | J67: 1 | K67: 3 | L67: 6 | M67: 3 | N67: 6 | O67: 15 | P67: 1 | Q67: 1 | R67: 1 | S67: 2 | T67: 7 | U67: 0 | V67: 0 | W67: 0 | X67: 0 | Y67: 0 | Z67: 0 | AA67: 3 | AB67: 11 | AC67: 1
A68: 1386 | B68: 1967 | C68: Graduation | D68: Together | E68: 32474 | F68: 1 | G68: 1 | H68: 41770 | I68: 0 | J68: 10 | K68: 0 | L68: 1 | M68: 0 | N68: 0 | O68: 0 | P68: 1 | Q68: 1 | R68: 0 | S68: 2 | T68: 7 | U68: 0 | V68: 0 | W68: 0 | X68: 0 | Y68: 0 | Z68: 0 | AA68: 3 | AB68: 11 | AC68: 0
A69: 9369 | B69: 1979 | C69: 2n Cycle | D69: Single | E69: 88194 | F69: 0 | G69: 1 | H69: 41717 | I69: 19 | J69: 688 | K69: 14 | L69: 309 | M69: 201 | N69: 24 | O69: 38 | P69: 1 | Q69: 11 | R69: 10 | S69: 10 | T69: 5 | U69: 1 | V69: 0 | W69: 0 | X69: 1 | Y69: 0 | Z69: 0 | AA69: 3 | AB69: 11 | AC69: 1
A70: 4477 | B70: 1958 | C70: Graduation | D70: Together | E70: 69096 | F70: 0 | G70: 1 | H70: 41544 | I70: 4 | J70: 247 | K70: 49 | L70: 159 | M70: 7 | N70: 82 | O70: 109 | P70: 1 | Q70: 5 | R70: 2 | S70: 10 | T70: 4 | U70: 0 | V70: 0 | W70: 0 | X70: 0 | Y70: 0 | Z70: 0 | AA70: 3 | AB70: 11 | AC70: 0
A71: 1357 | B71: 1970 | C71: Graduation | D71: Together | E71: 74854 | F71: 1 | G71: 2 | H71: 41372 | I71: 90 | J71: 856 | K71: 59 | L71: 487 | M71: 58 | N71: 29 | O71: 73 | P71: 7 | Q71: 2 | R71: 5 | S71: 5 | T71: 5 | U71: 0 | V71: 0 | W71: 0 | X71: 0 | Y71: 0 | Z71: 0 | AA71: 3 | AB71: 11 | AC71: 0
A72: 1402 | B72: 1954 | C72: Master | D72: Married | E72: 66991 | F72: 0 | G72: 0 | H72: 41163 | I72: 1 | J72: 496 | K72: 36 | L72: 460 | M72: 189 | N72: 60 | O72: 12 | P72: 3 | Q72: 4 | R72: 8 | S72: 6 | T72: 3 | U72: 0 | V72: 0 | W72: 0 | X72: 0 | Y72: 0 | Z72: 0 | AA72: 3 | AB72: 11 | AC72: 0
A73: 10629 | B73: 1973 | C73: 2n Cycle | D73: Married | F73: 1 | G73: 0 | H73: 41166 | I73: 25 | J73: 25 | K73: 3 | L73: 43 | M73: 17 | N73: 4 | O73: 17 | P73: 3 | Q73: 3 | R73: 0 | S73: 3 | T73: 8 | U73: 0 | V73: 0 | W73: 0 | X73: 0 | Y73: 0 | Z73: 0 | AA73: 3 | AB73: 11 | AC73: 0
A74: 6312 | B74: 1959 | C74: Graduation | D74: Married | E74: 65031 | F74: 0 | G74: 1 | H74: 41350 | I74: 29 | J74: 258 | K74: 107 | L74: 291 | M74: 84 | N74: 37 | O74: 86 | P74: 4 | Q74: 10 | R74: 3 | S74: 13 | T74: 7 | U74: 0 | V74: 0 | W74: 0 | X74: 0 | Y74: 0 | Z74: 0 | AA74: 3 | AB74: 11 | AC74: 0
A75: 8132 | B75: 1975 | C75: PhD | D75: Married | E75: 60631 | F75: 1 | G75: 1 | H75: 41369 | I75: 88 | J75: 565 | K75: 6 | L75: 65 | M75: 0 | N75: 6 | O75: 19 | P75: 5 | Q75: 9 | R75: 2 | S75: 8 | T75: 7 | U75: 0 | V75: 1 | W75: 0 | X75: 0 | Y75: 0 | Z75: 0 | AA75: 3 | AB75: 11 | AC75: 0
